Dummy Trades Date Time,Data.ser version name,CSV Trades History file name,Dummy Trades Summary CSV file name,Symbol,Timeframe,Match Score Smoothing,Match Score Threshold,Price Variation Threshold,Extrapolate Price Variation,Extrapolate Match Score,Pattern Autoconfig,Computation Autoconfig,Computation Type,Computation Pattern Type,Atomic Partition,Scope,Full Scope,Pattern Length,Pattern Granularity,Reward to Risk ratio,Risk Percentage,Trading Price Variation Threshold,Price Variation Multiplier,SL_TP Strategy,Max Trades,Trades Result,Initial Account Balance,Target Account Balance,Final Account Balance,Minimum Account Balance,Number of Trades performed,Number of Longs,Number of Shorts,Number of Useless Trades,Used to Useless Trade ratio,Total PnL,Long PnL,Short PnL,Total Win to Loss ratio,Long Win to Loss ratio,Short Win to Loss ratio,Average Total PnL,Average Long PnL,Average Short PnL,Average Total Return,Average Long Return,Average Short Return,Profit Factor,Profit Factor Qualification
15/06/2023 18:30:07,15/06/2023 18:11:43,Dummy Trade Account_BTC_USD_DAY_2023.06.15_18.30.07_RICH,dummy_trades_summary,BTC_USD,DAY,LINEAR,30,3.0,false,false,TIMEFRAME,DEFAULT,BASIC_ITERATION,LIGHT_PREDICTIVE,true,7,true,14,100,3.0,2,0.0,2,BASIC_RR,1500,RICH,100000.0,200000.0,207205.71,50000.0,96,69,27,105,0.91,107205.71,76456.12,30749.59,0.55,0.57,0.57,1116.73,1108.06,1138.87,80.0,62.0,18.0,1.66,GOOD
15/06/2023 18:37:22,15/06/2023 18:11:43,Dummy Trade Account_BTC_USD_HOUR_2023.06.15_18.37.22_NEUTRAL,dummy_trades_summary,BTC_USD,HOUR,LINEAR,30,3.0,false,false,TIMEFRAME,DEFAULT,BASIC_ITERATION,LIGHT_PREDICTIVE,true,4,true,8,100,3.0,2,0.0,2,BASIC_RR,1500,NEUTRAL,100000.0,200000.0,58188.14,50000.0,1500,1170,330,1472,1.02,-41811.86,-81523.27,39711.41,0.72,0.72,0.72,-27.87,-69.68,120.34,-19.51,-70.91,51.4,0.96,BAD
15/06/2023 18:39:27,15/06/2023 18:11:43,Dummy Trade Account_BTC_USD_WEEK_2023.06.15_18.39.27_RICH,dummy_trades_summary,BTC_USD,WEEK,LINEAR,30,3.0,false,false,TIMEFRAME,DEFAULT,BASIC_ITERATION,LIGHT_PREDICTIVE,true,4,true,8,100,3.0,2,0.0,2,BASIC_RR,1500,RICH,100000.0,200000.0,203338.18,50000.0,80,59,21,31,2.58,103338.18,57506.81,45831.37,0.63,0.59,0.59,1291.73,974.69,2182.45,76.84,46.84,30.0,1.83,GOOD
15/06/2023 18:39:28,15/06/2023 18:11:43,Dummy Trade Account_BTC_USD_FOUR_HOUR_2023.06.15_18.39.28_RICH,dummy_trades_summary,BTC_USD,FOUR_HOUR,LINEAR,30,3.0,false,false,TIMEFRAME,DEFAULT,BASIC_ITERATION,LIGHT_PREDICTIVE,true,6,true,12,100,3.0,2,0.0,2,BASIC_RR,1500,RICH,100000.0,200000.0,205591.0,50000.0,114,86,28,171,0.67,105591.0,46101.8,59489.2,0.63,0.56,0.56,926.24,536.07,2124.61,79.3,38.87,40.43,1.56,GOOD
15/06/2023 18:39:29,15/06/2023 18:11:43,Dummy Trade Account_BTC_USD_DAY_2023.06.15_18.39.29_RICH,dummy_trades_summary,BTC_USD,DAY,LINEAR,30,3.0,false,false,TIMEFRAME,DEFAULT,BASIC_ITERATION,LIGHT_PREDICTIVE,true,7,true,14,100,3.0,2,0.0,2,BASIC_RR,1500,RICH,100000.0,200000.0,207104.47,50000.0,132,95,37,133,0.99,107104.47,73588.67,33515.8,0.52,0.51,0.51,811.4,774.62,905.83,81.87,51.87,30.0,1.51,GOOD
15/06/2023 18:39:31,15/06/2023 18:11:43,Dummy Trade Account_BTC_USD_HOUR_2023.06.15_18.39.31_RICH,dummy_trades_summary,BTC_USD,HOUR,LINEAR,30,3.0,false,false,TIMEFRAME,DEFAULT,BASIC_ITERATION,LIGHT_PREDICTIVE,true,4,true,8,100,3.0,2,0.0,2,BASIC_RR,1500,RICH,100000.0,200000.0,201491.96,50000.0,100,76,24,93,1.08,101491.96,91889.67,9602.29,1.44,1.71,1.71,1014.92,1209.07,400.1,72.96,62.04,10.92,2.41,IDEAL
15/06/2023 18:52:25,15/06/2023 18:11:43,Dummy Trade Account_BTC_USD_HOUR_2023.06.15_18.52.25_RICH,dummy_trades_summary,BTC_USD,HOUR,LINEAR,30,3.0,false,false,TIMEFRAME,DEFAULT,BASIC_ITERATION,LIGHT_PREDICTIVE,true,4,true,8,100,3.0,2,0.0,2,BASIC_RR,1500,RICH,100000.0,200000.0,201195.3,50000.0,955,764,191,1024,0.93,101195.3,56220.95,44974.35,0.83,0.82,0.82,105.96,73.59,235.47,92.05,32.95,59.1,1.14,RISKY
15/06/2023 18:52:26,15/06/2023 18:11:43,Dummy Trade Account_BTC_USD_WEEK_2023.06.15_18.52.26_RICH,dummy_trades_summary,BTC_USD,WEEK,LINEAR,30,3.0,false,false,TIMEFRAME,DEFAULT,BASIC_ITERATION,LIGHT_PREDICTIVE,true,4,true,8,100,3.0,2,0.0,2,BASIC_RR,1500,RICH,100000.0,200000.0,203543.75,50000.0,150,117,33,79,1.9,103543.75,61806.91,41736.84,0.49,0.44,0.44,690.29,528.26,1264.75,81.12,43.12,38.0,1.4,GOOD
15/06/2023 18:52:27,15/06/2023 18:11:43,Dummy Trade Account_BTC_USD_FOUR_HOUR_2023.06.15_18.52.27_RICH,dummy_trades_summary,BTC_USD,FOUR_HOUR,LINEAR,30,3.0,false,false,TIMEFRAME,DEFAULT,BASIC_ITERATION,LIGHT_PREDICTIVE,true,6,true,12,100,3.0,2,0.0,2,BASIC_RR,1500,RICH,100000.0,200000.0,204156.24,50000.0,205,147,58,342,0.6,104156.24,-33805.35,137961.59,0.51,0.34,0.34,508.08,-229.97,2378.65,83.6,-36.2,119.8,1.36,GOOD
15/06/2023 18:52:28,15/06/2023 18:11:43,Dummy Trade Account_BTC_USD_DAY_2023.06.15_18.52.28_RICH,dummy_trades_summary,BTC_USD,DAY,LINEAR,30,3.0,false,false,TIMEFRAME,DEFAULT,BASIC_ITERATION,LIGHT_PREDICTIVE,true,7,true,14,100,3.0,2,0.0,2,BASIC_RR,1500,RICH,100000.0,200000.0,211839.74,50000.0,111,79,32,105,1.06,111839.74,90060.13,21779.61,0.54,0.58,0.58,1007.57,1140.0,680.61,83.0,67.0,16.0,1.59,GOOD
15/06/2023 18:57:04,15/06/2023 18:11:43,Dummy Trade Account_BTC_USD_WEEK_2023.06.15_18.57.04_RICH,dummy_trades_summary,BTC_USD,WEEK,LINEAR,30,3.0,false,false,TIMEFRAME,DEFAULT,BASIC_ITERATION,LIGHT_PREDICTIVE,true,4,true,8,100,3.0,2,0.0,2,BASIC_RR,1500,RICH,100000.0,200000.0,200660.05,50000.0,135,107,28,60,2.25,100660.05,109199.09,-8539.04,0.52,0.6,0.6,745.63,1020.55,-304.97,78.6,86.6,-8.0,1.49,GOOD
15/06/2023 18:57:05,15/06/2023 18:11:43,Dummy Trade Account_BTC_USD_FOUR_HOUR_2023.06.15_18.57.05_RICH,dummy_trades_summary,BTC_USD,FOUR_HOUR,LINEAR,30,3.0,false,false,TIMEFRAME,DEFAULT,BASIC_ITERATION,LIGHT_PREDICTIVE,true,6,true,12,100,3.0,2,0.0,2,BASIC_RR,1500,RICH,100000.0,200000.0,206660.67,50000.0,132,103,29,278,0.47,106660.67,117329.4,-10668.73,0.69,0.84,0.84,808.04,1139.12,-367.89,80.39,89.33,-8.94,1.48,GOOD
15/06/2023 18:57:07,15/06/2023 18:11:43,Dummy Trade Account_BTC_USD_DAY_2023.06.15_18.57.07_RICH,dummy_trades_summary,BTC_USD,DAY,LINEAR,30,3.0,false,false,TIMEFRAME,DEFAULT,BASIC_ITERATION,LIGHT_PREDICTIVE,true,7,true,14,100,3.0,2,0.0,2,BASIC_RR,1500,RICH,100000.0,200000.0,200953.2,50000.0,232,170,62,245,0.95,100953.2,127706.15,-26752.95,0.44,0.5,0.5,435.14,751.21,-431.5,84.69,96.69,-12.0,1.27,GOOD
15/06/2023 18:57:08,15/06/2023 18:11:43,Dummy Trade Account_BTC_USD_HOUR_2023.06.15_18.57.08_REKT,dummy_trades_summary,BTC_USD,HOUR,LINEAR,30,3.0,false,false,TIMEFRAME,DEFAULT,BASIC_ITERATION,LIGHT_PREDICTIVE,true,4,true,8,100,3.0,2,0.0,2,BASIC_RR,1500,REKT,100000.0,200000.0,49924.16,50000.0,187,152,35,205,0.91,-50075.84,-53257.83,3181.99,0.53,0.48,0.48,-267.79,-350.38,90.91,-66.13,-71.29,5.16,0.59,BAD
15/06/2023 18:58:09,15/06/2023 18:11:43,Dummy Trade Account_BTC_USD_FOUR_HOUR_2023.06.15_18.58.09_RICH,dummy_trades_summary,BTC_USD,FOUR_HOUR,LINEAR,30,3.0,false,false,TIMEFRAME,DEFAULT,BASIC_ITERATION,LIGHT_PREDICTIVE,true,6,true,12,100,3.0,2,0.0,2,BASIC_RR,1500,RICH,100000.0,200000.0,203916.91,50000.0,126,99,27,241,0.52,103916.91,83400.46,20516.45,0.59,0.6,0.6,824.74,842.43,759.87,79.22,60.68,18.54,1.53,GOOD
15/06/2023 18:58:11,15/06/2023 18:11:43,Dummy Trade Account_BTC_USD_DAY_2023.06.15_18.58.11_RICH,dummy_trades_summary,BTC_USD,DAY,LINEAR,30,3.0,false,false,TIMEFRAME,DEFAULT,BASIC_ITERATION,LIGHT_PREDICTIVE,true,7,true,14,100,3.0,2,0.0,2,BASIC_RR,1500,RICH,100000.0,200000.0,203220.8,50000.0,138,101,37,154,0.9,103220.8,80154.14,23066.66,0.52,0.55,0.55,747.98,793.61,623.42,80.12,66.12,14.0,1.44,GOOD
15/06/2023 18:58:11,15/06/2023 18:11:43,Dummy Trade Account_BTC_USD_WEEK_2023.06.15_18.58.11_RICH,dummy_trades_summary,BTC_USD,WEEK,LINEAR,30,3.0,false,false,TIMEFRAME,DEFAULT,BASIC_ITERATION,LIGHT_PREDICTIVE,true,4,true,8,100,3.0,2,0.0,2,BASIC_RR,1500,RICH,100000.0,200000.0,210747.54,50000.0,59,45,14,22,2.68,110747.54,103740.02,7007.52,0.74,0.88,0.88,1877.08,2305.33,500.54,79.42,75.42,4.0,2.01,IDEAL
15/06/2023 18:58:21,15/06/2023 18:11:43,Dummy Trade Account_BTC_USD_HOUR_2023.06.15_18.58.21_NEUTRAL,dummy_trades_summary,BTC_USD,HOUR,LINEAR,30,3.0,false,false,TIMEFRAME,DEFAULT,BASIC_ITERATION,LIGHT_PREDICTIVE,true,4,true,8,100,3.0,2,0.0,2,BASIC_RR,1500,NEUTRAL,100000.0,200000.0,117666.28,50000.0,1500,1175,325,1524,0.98,17666.28,987.86,16678.42,0.77,0.77,0.77,11.78,0.84,51.32,51.59,18.55,33.04,1.02,RISKY
15/06/2023 18:59:40,15/06/2023 18:11:43,Dummy Trade Account_BTC_USD_DAY_2023.06.15_18.59.40_RICH,dummy_trades_summary,BTC_USD,DAY,LINEAR,30,3.0,false,false,TIMEFRAME,DEFAULT,BASIC_ITERATION,LIGHT_PREDICTIVE,true,7,true,14,100,3.0,2,0.0,2,BASIC_RR,1500,RICH,100000.0,200000.0,209913.42,50000.0,474,341,133,486,0.98,109913.42,75767.98,34145.44,0.4,0.4,0.4,231.88,222.19,256.73,103.31,65.31,38.0,1.14,RISKY
15/06/2023 18:59:40,15/06/2023 18:11:43,Dummy Trade Account_BTC_USD_WEEK_2023.06.15_18.59.40_RICH,dummy_trades_summary,BTC_USD,WEEK,LINEAR,30,3.0,false,false,TIMEFRAME,DEFAULT,BASIC_ITERATION,LIGHT_PREDICTIVE,true,4,true,8,100,3.0,2,0.0,2,BASIC_RR,1500,RICH,100000.0,200000.0,206185.51,50000.0,54,41,13,27,2.0,106185.51,51094.3,55091.21,0.74,0.58,0.58,1966.4,1246.2,4237.79,76.82,37.33,39.49,2.37,IDEAL
15/06/2023 18:59:44,15/06/2023 18:11:43,Dummy Trade Account_BTC_USD_HOUR_2023.06.15_18.59.44_REKT,dummy_trades_summary,BTC_USD,HOUR,LINEAR,30,3.0,false,false,TIMEFRAME,DEFAULT,BASIC_ITERATION,LIGHT_PREDICTIVE,true,4,true,8,100,3.0,2,0.0,2,BASIC_RR,1500,REKT,100000.0,200000.0,49682.68,50000.0,529,428,101,568,0.93,-50317.32,-53152.18,2834.86,0.69,0.69,0.69,-95.12,-124.19,28.07,-58.39,-62.88,4.49,0.86,BAD
15/06/2023 18:59:45,15/06/2023 18:11:43,Dummy Trade Account_BTC_USD_FOUR_HOUR_2023.06.15_18.59.45_RICH,dummy_trades_summary,BTC_USD,FOUR_HOUR,LINEAR,30,3.0,false,false,TIMEFRAME,DEFAULT,BASIC_ITERATION,LIGHT_PREDICTIVE,true,6,true,12,100,3.0,2,0.0,2,BASIC_RR,1500,RICH,100000.0,200000.0,206130.85,50000.0,175,135,40,340,0.51,106130.85,103331.13,2799.72,0.58,0.6,0.6,606.46,765.42,69.99,82.45,76.13,6.32,1.36,GOOD
16/06/2023 13:25:00,16/06/2023 13:24:33,Dummy Trade Account_BTC_USD_WEEK_2023.06.16_13.25.00_RICH,dummy_trades_summary,BTC_USD,WEEK,LINEAR,30,3.0,false,false,TIMEFRAME,DEFAULT,BASIC_ITERATION,LIGHT_PREDICTIVE,true,4,true,8,100,3.0,2,0.0,2,BASIC_RR,1500,RICH,100000.0,200000.0,202206.93,50000.0,91,69,22,40,2.28,102206.93,75528.01,26678.92,0.57,0.57,0.57,1123.15,1094.61,1212.68,77.13,57.13,20.0,1.69,GOOD
16/06/2023 13:25:08,16/06/2023 13:24:33,Dummy Trade Account_BTC_USD_HOUR_2023.06.16_13.25.08_NEUTRAL,dummy_trades_summary,BTC_USD,HOUR,LINEAR,30,3.0,false,false,TIMEFRAME,DEFAULT,BASIC_ITERATION,LIGHT_PREDICTIVE,true,4,true,8,100,3.0,2,0.0,2,BASIC_RR,1500,NEUTRAL,100000.0,200000.0,89878.73,50000.0,1500,1180,320,1623,0.92,-10121.27,17736.5,-27857.77,0.69,0.72,0.72,-6.75,15.03,-87.06,25.45,42.99,-17.54,0.99,BAD
16/06/2023 13:25:08,16/06/2023 13:24:33,Dummy Trade Account_BTC_USD_DAY_2023.06.16_13.25.08_RICH,dummy_trades_summary,BTC_USD,DAY,LINEAR,30,3.0,false,false,TIMEFRAME,DEFAULT,BASIC_ITERATION,LIGHT_PREDICTIVE,true,7,true,14,100,3.0,2,0.0,2,BASIC_RR,1500,RICH,100000.0,200000.0,204471.1,50000.0,105,77,28,99,1.06,104471.1,18370.16,86100.94,0.52,0.38,0.38,994.96,238.57,3075.03,79.14,15.14,64.0,1.66,GOOD
16/06/2023 13:25:11,16/06/2023 13:24:33,Dummy Trade Account_BTC_USD_FOUR_HOUR_2023.06.16_13.25.11_RICH,dummy_trades_summary,BTC_USD,FOUR_HOUR,LINEAR,30,3.0,false,false,TIMEFRAME,DEFAULT,BASIC_ITERATION,LIGHT_PREDICTIVE,true,6,true,12,100,3.0,2,0.0,2,BASIC_RR,1500,RICH,100000.0,200000.0,203168.91,50000.0,417,352,65,907,0.46,103168.91,53775.56,49393.35,0.48,0.47,0.47,247.41,152.77,759.9,93.33,50.24,43.09,1.16,RISKY
16/06/2023 15:39:24,16/06/2023 13:24:33,Dummy Trade Account_BTC_USD_FOUR_HOUR_2023.06.16_15.39.24_RICH,dummy_trades_summary,BTC_USD,FOUR_HOUR,LINEAR,30,3.0,false,false,TIMEFRAME,DEFAULT,BASIC_ITERATION,LIGHT_PREDICTIVE,true,6,true,12,100,3.0,2,0.0,2,BASIC_RR,1500,RICH,100000.0,200000.0,200200.55,50000.0,262,217,45,530,0.49,100200.55,106978.35,-6777.8,0.52,0.57,0.57,382.44,492.99,-150.62,84.0,90.3,-6.3,1.27,GOOD
16/06/2023 15:39:32,16/06/2023 13:24:33,Dummy Trade Account_BTC_USD_HOUR_2023.06.16_15.39.32_NEUTRAL,dummy_trades_summary,BTC_USD,HOUR,LINEAR,30,3.0,false,false,TIMEFRAME,DEFAULT,BASIC_ITERATION,LIGHT_PREDICTIVE,true,4,true,8,100,3.0,2,0.0,2,BASIC_RR,1500,NEUTRAL,100000.0,200000.0,101416.03,50000.0,1500,1157,343,1555,0.96,1416.03,-1822.87,3238.9,0.76,0.77,0.77,0.94,-1.58,9.44,36.71,15.47,21.24,1.0,RISKY
16/06/2023 15:39:32,16/06/2023 13:24:33,Dummy Trade Account_BTC_USD_DAY_2023.06.16_15.39.32_RICH,dummy_trades_summary,BTC_USD,DAY,LINEAR,30,3.0,false,false,TIMEFRAME,DEFAULT,BASIC_ITERATION,LIGHT_PREDICTIVE,true,7,true,14,100,3.0,2,0.0,2,BASIC_RR,1500,RICH,100000.0,200000.0,203522.48,50000.0,113,77,36,102,1.11,103522.48,32331.49,71190.99,0.51,0.43,0.43,916.13,419.89,1977.53,79.14,31.14,48.0,1.52,GOOD
16/06/2023 15:39:32,16/06/2023 13:24:33,Dummy Trade Account_BTC_USD_WEEK_2023.06.16_15.39.32_RICH,dummy_trades_summary,BTC_USD,WEEK,LINEAR,30,3.0,false,false,TIMEFRAME,DEFAULT,BASIC_ITERATION,LIGHT_PREDICTIVE,true,4,true,8,100,3.0,2,0.0,2,BASIC_RR,1500,RICH,100000.0,200000.0,207214.54,50000.0,96,70,26,57,1.68,107214.54,80464.74,26749.8,0.55,0.59,0.59,1116.82,1149.5,1028.84,80.0,68.0,12.0,1.76,GOOD
16/06/2023 15:44:30,16/06/2023 13:24:33,Dummy Trade Account_BTC_USD_HOUR_2023.06.16_15.44.30_NEUTRAL,dummy_trades_summary,BTC_USD,HOUR,LINEAR,30,3.0,false,false,TIMEFRAME,DEFAULT,BASIC_ITERATION,LIGHT_PREDICTIVE,true,4,true,8,100,3.0,2,0.0,2,EQUAL,1500,NEUTRAL,100000.0,200000.0,65954.6,50000.0,1500,1174,326,1517,0.99,-34045.4,-27238.24,-6807.16,0.92,0.94,0.94,-22.7,-23.2,-20.88,-34.87,-29.47,-5.4,0.93,BAD
16/06/2023 15:44:31,16/06/2023 13:24:33,Dummy Trade Account_BTC_USD_DAY_2023.06.16_15.44.31_RICH,dummy_trades_summary,BTC_USD,DAY,LINEAR,30,3.0,false,false,TIMEFRAME,DEFAULT,BASIC_ITERATION,LIGHT_PREDICTIVE,true,7,true,14,100,3.0,2,0.0,2,EQUAL,1500,RICH,100000.0,200000.0,203259.01,50000.0,154,97,57,174,0.89,103259.01,29379.79,73879.22,1.66,1.31,1.31,670.51,302.88,1296.13,73.91,23.91,50.0,1.67,GOOD
16/06/2023 15:44:31,16/06/2023 13:24:33,Dummy Trade Account_BTC_USD_WEEK_2023.06.16_15.44.31_RICH,dummy_trades_summary,BTC_USD,WEEK,LINEAR,30,3.0,false,false,TIMEFRAME,DEFAULT,BASIC_ITERATION,LIGHT_PREDICTIVE,true,4,true,8,100,3.0,2,0.0,2,EQUAL,1500,RICH,100000.0,200000.0,201585.99,50000.0,122,89,33,65,1.88,101585.99,72778.26,28807.73,1.9,1.87,1.87,832.67,817.73,872.96,72.31,50.31,22.0,1.79,GOOD
16/06/2023 15:44:33,16/06/2023 13:24:33,Dummy Trade Account_BTC_USD_FOUR_HOUR_2023.06.16_15.44.33_RICH,dummy_trades_summary,BTC_USD,FOUR_HOUR,LINEAR,30,3.0,false,false,TIMEFRAME,DEFAULT,BASIC_ITERATION,LIGHT_PREDICTIVE,true,6,true,12,100,3.0,2,0.0,2,EQUAL,1500,RICH,100000.0,200000.0,201606.48,50000.0,350,294,56,746,0.47,101606.48,29500.04,72106.44,1.24,1.08,1.08,290.3,100.34,1287.62,75.1,21.27,53.83,1.35,GOOD
16/06/2023 15:45:23,16/06/2023 13:24:33,Dummy Trade Account_BTC_USD_HOUR_2023.06.16_15.45.23_RICH,dummy_trades_summary,BTC_USD,HOUR,LINEAR,30,3.0,false,false,TIMEFRAME,DEFAULT,BASIC_ITERATION,LIGHT_PREDICTIVE,true,4,true,8,100,3.0,2,0.0,2,EQUAL,1500,RICH,100000.0,200000.0,200148.19,50000.0,1394,1108,286,1469,0.95,100148.19,46155.0,53993.19,1.04,1.01,1.01,71.84,41.66,188.79,75.72,35.25,40.47,1.19,RISKY
16/06/2023 15:45:23,16/06/2023 13:24:33,Dummy Trade Account_BTC_USD_WEEK_2023.06.16_15.45.23_RICH,dummy_trades_summary,BTC_USD,WEEK,LINEAR,30,3.0,false,false,TIMEFRAME,DEFAULT,BASIC_ITERATION,LIGHT_PREDICTIVE,true,4,true,8,100,3.0,2,0.0,2,EQUAL,1500,RICH,100000.0,200000.0,202830.31,50000.0,174,116,58,74,2.35,102830.31,86777.35,16052.96,1.6,1.97,1.97,590.98,748.08,276.78,73.85,68.04,5.81,1.57,GOOD
16/06/2023 15:45:26,16/06/2023 13:24:33,Dummy Trade Account_BTC_USD_FOUR_HOUR_2023.06.16_15.45.26_RICH,dummy_trades_summary,BTC_USD,FOUR_HOUR,LINEAR,30,3.0,false,false,TIMEFRAME,DEFAULT,BASIC_ITERATION,LIGHT_PREDICTIVE,true,6,true,12,100,3.0,2,0.0,2,EQUAL,1500,RICH,100000.0,200000.0,200225.45,50000.0,600,491,109,1245,0.48,100225.45,74509.0,25716.45,1.15,1.14,1.14,167.04,151.75,235.93,77.5,53.92,23.58,1.21,GOOD
16/06/2023 15:45:26,16/06/2023 13:24:33,Dummy Trade Account_BTC_USD_DAY_2023.06.16_15.45.26_RICH,dummy_trades_summary,BTC_USD,DAY,LINEAR,30,3.0,false,false,TIMEFRAME,DEFAULT,BASIC_ITERATION,LIGHT_PREDICTIVE,true,7,true,14,100,3.0,2,0.0,2,EQUAL,1500,RICH,100000.0,200000.0,200382.26,50000.0,120,85,35,118,1.02,100382.26,53869.9,46512.36,1.93,1.58,1.58,836.52,633.76,1328.92,71.8,35.4,36.4,1.85,GOOD
16/06/2023 15:46:23,16/06/2023 13:24:33,Dummy Trade Account_BTC_USD_WEEK_2023.06.16_15.46.23_RICH,dummy_trades_summary,BTC_USD,WEEK,LINEAR,30,3.0,false,false,TIMEFRAME,DEFAULT,BASIC_ITERATION,LIGHT_PREDICTIVE,true,4,true,8,100,3.0,2,0.0,3,EQUAL,1500,RICH,100000.0,200000.0,202431.75,50000.0,129,87,42,59,2.19,102431.75,86381.06,16050.69,2.15,2.95,2.95,794.04,992.89,382.16,72.43,62.56,9.87,2.06,IDEAL
16/06/2023 15:46:24,16/06/2023 13:24:33,Dummy Trade Account_BTC_USD_DAY_2023.06.16_15.46.24_RICH,dummy_trades_summary,BTC_USD,DAY,LINEAR,30,3.0,false,false,TIMEFRAME,DEFAULT,BASIC_ITERATION,LIGHT_PREDICTIVE,true,7,true,14,100,3.0,2,0.0,3,EQUAL,1500,RICH,100000.0,200000.0,202985.04,50000.0,86,64,22,79,1.09,102985.04,68719.72,34265.32,2.58,2.37,2.37,1197.5,1073.75,1557.51,72.3,48.3,24.0,2.88,IDEAL
16/06/2023 15:46:31,16/06/2023 13:24:33,Dummy Trade Account_BTC_USD_HOUR_2023.06.16_15.46.31_NEUTRAL,dummy_trades_summary,BTC_USD,HOUR,LINEAR,30,3.0,false,false,TIMEFRAME,DEFAULT,BASIC_ITERATION,LIGHT_PREDICTIVE,true,4,true,8,100,3.0,2,0.0,3,EQUAL,1500,NEUTRAL,100000.0,200000.0,69236.69,50000.0,1500,1186,314,1461,1.03,-30763.31,-35722.07,4958.76,0.96,0.92,0.92,-20.51,-30.12,15.79,-32.84,-42.06,9.22,0.89,BAD
16/06/2023 15:46:34,16/06/2023 13:24:33,Dummy Trade Account_BTC_USD_FOUR_HOUR_2023.06.16_15.46.34_RICH,dummy_trades_summary,BTC_USD,FOUR_HOUR,LINEAR,30,3.0,false,false,TIMEFRAME,DEFAULT,BASIC_ITERATION,LIGHT_PREDICTIVE,true,6,true,12,100,3.0,2,0.0,3,EQUAL,1500,RICH,100000.0,200000.0,200803.01,50000.0,618,511,107,1222,0.51,100803.01,8437.87,92365.14,1.11,1.01,1.01,163.11,16.51,863.23,75.95,11.47,64.48,1.2,GOOD
16/06/2023 15:47:23,16/06/2023 13:24:33,Dummy Trade Account_BTC_USD_DAY_2023.06.16_15.47.23_RICH,dummy_trades_summary,BTC_USD,DAY,LINEAR,30,3.0,false,false,TIMEFRAME,DEFAULT,BASIC_ITERATION,LIGHT_PREDICTIVE,true,7,true,14,100,3.0,2,0.0,3,EQUAL,1500,RICH,100000.0,200000.0,201055.5,50000.0,82,54,28,83,0.99,101055.5,55773.41,45282.09,2.9,2.6,2.6,1232.38,1032.84,1617.22,71.34,41.07,30.27,2.91,IDEAL
16/06/2023 15:47:30,16/06/2023 13:24:33,Dummy Trade Account_BTC_USD_HOUR_2023.06.16_15.47.30_NEUTRAL,dummy_trades_summary,BTC_USD,HOUR,LINEAR,30,3.0,false,false,TIMEFRAME,DEFAULT,BASIC_ITERATION,LIGHT_PREDICTIVE,true,4,true,8,100,3.0,2,0.0,3,EQUAL,1500,NEUTRAL,100000.0,200000.0,126144.46,50000.0,1500,1215,285,1506,1.0,26144.46,15331.86,10812.6,0.97,1.0,1.0,17.43,12.62,37.94,27.33,17.25,10.08,1.08,RISKY
16/06/2023 15:47:30,16/06/2023 13:24:33,Dummy Trade Account_BTC_USD_WEEK_2023.06.16_15.47.30_RICH,dummy_trades_summary,BTC_USD,WEEK,LINEAR,30,3.0,false,false,TIMEFRAME,DEFAULT,BASIC_ITERATION,LIGHT_PREDICTIVE,true,4,true,8,100,3.0,2,0.0,3,EQUAL,1500,RICH,100000.0,200000.0,200046.91,50000.0,139,103,36,65,2.14,100046.91,91738.4,8308.51,1.78,2.12,2.12,719.76,890.66,230.79,71.49,65.62,5.87,1.88,GOOD
16/06/2023 15:47:32,16/06/2023 13:24:33,Dummy Trade Account_BTC_USD_FOUR_HOUR_2023.06.16_15.47.32_RICH,dummy_trades_summary,BTC_USD,FOUR_HOUR,LINEAR,30,3.0,false,false,TIMEFRAME,DEFAULT,BASIC_ITERATION,LIGHT_PREDICTIVE,true,6,true,12,100,3.0,2,0.0,3,EQUAL,1500,RICH,100000.0,200000.0,200843.48,50000.0,380,320,60,832,0.46,100843.48,84230.89,16612.59,1.29,1.25,1.25,265.38,263.22,276.88,73.77,60.18,13.59,1.34,GOOD
16/06/2023 15:50:22,16/06/2023 13:24:33,Dummy Trade Account_BTC_USD_FOUR_HOUR_2023.06.16_15.50.22_NEUTRAL,dummy_trades_summary,BTC_USD,FOUR_HOUR,LINEAR,30,3.0,false,false,TIMEFRAME,DEFAULT,BASIC_ITERATION,LIGHT_PREDICTIVE,true,6,true,12,100,3.0,2,0.0,3,TP_NO_SL,1500,NEUTRAL,100000.0,200000.0,110518.57,50000.0,1500,1500,0,4006,0.37,10518.57,10518.57,0.0,1.24,1.24,1.24,7.01,7.01,0.0,10.23,10.23,0.0,1.35,GOOD
16/06/2023 15:50:29,16/06/2023 13:24:33,Dummy Trade Account_BTC_USD_HOUR_2023.06.16_15.50.29_NEUTRAL,dummy_trades_summary,BTC_USD,HOUR,LINEAR,30,3.0,false,false,TIMEFRAME,DEFAULT,BASIC_ITERATION,LIGHT_PREDICTIVE,true,4,true,8,100,3.0,2,0.0,3,TP_NO_SL,1500,NEUTRAL,100000.0,200000.0,103107.34,50000.0,1500,1500,0,2309,0.65,3107.34,3107.34,0.0,1.11,1.11,1.11,2.07,2.07,0.0,3.21,3.21,0.0,1.27,GOOD
16/06/2023 15:50:37,16/06/2023 13:24:33,Dummy Trade Account_BTC_USD_DAY_2023.06.16_15.50.37_RICH,dummy_trades_summary,BTC_USD,DAY,LINEAR,30,3.0,false,false,TIMEFRAME,DEFAULT,BASIC_ITERATION,LIGHT_PREDICTIVE,true,7,true,14,100,3.0,2,0.0,3,TP_NO_SL,1500,RICH,100000.0,200000.0,200176.6,50000.0,1071,1071,0,2213,0.48,100176.6,100176.6,0.0,3.43,3.43,3.43,93.54,93.54,0.0,69.26,69.26,0.0,4.12,OUTSTANDING
16/06/2023 15:50:37,16/06/2023 13:24:33,Dummy Trade Account_BTC_USD_WEEK_2023.06.16_15.50.37_RICH,dummy_trades_summary,BTC_USD,WEEK,LINEAR,30,3.0,false,false,TIMEFRAME,DEFAULT,BASIC_ITERATION,LIGHT_PREDICTIVE,true,4,true,8,100,3.0,2,0.0,3,TP_NO_SL,1500,RICH,100000.0,200000.0,200021.35,50000.0,507,507,0,560,0.91,100021.35,100021.35,0.0,3.57,3.57,3.57,197.28,197.28,0.0,69.51,69.51,0.0,4.56,OUTSTANDING
16/06/2023 15:52:17,16/06/2023 13:24:33,Dummy Trade Account_BTC_USD_HOUR_2023.06.16_15.52.17_NEUTRAL,dummy_trades_summary,BTC_USD,HOUR,LINEAR,30,3.0,false,false,TIMEFRAME,DEFAULT,BASIC_ITERATION,LIGHT_PREDICTIVE,true,4,true,8,100,3.0,2,0.0,3,EQUAL,1500,NEUTRAL,100000.0,200000.0,144816.39,50000.0,1500,1200,300,1486,1.01,44816.39,18562.86,26253.53,0.98,0.93,0.93,29.88,15.47,87.51,40.81,18.03,22.78,1.11,RISKY
16/06/2023 15:52:18,16/06/2023 13:24:33,Dummy Trade Account_BTC_USD_DAY_2023.06.16_15.52.18_RICH,dummy_trades_summary,BTC_USD,DAY,LINEAR,30,3.0,false,false,TIMEFRAME,DEFAULT,BASIC_ITERATION,LIGHT_PREDICTIVE,true,7,true,14,100,3.0,2,0.0,3,EQUAL,1500,RICH,100000.0,200000.0,201970.88,50000.0,99,71,28,95,1.04,101970.88,86771.44,15199.44,2.09,2.23,2.23,1030.01,1222.13,542.84,72.06,57.86,14.2,2.27,IDEAL
16/06/2023 15:52:20,16/06/2023 13:24:33,Dummy Trade Account_BTC_USD_FOUR_HOUR_2023.06.16_15.52.20_RICH,dummy_trades_summary,BTC_USD,FOUR_HOUR,LINEAR,30,3.0,false,false,TIMEFRAME,DEFAULT,BASIC_ITERATION,LIGHT_PREDICTIVE,true,6,true,12,100,3.0,2,0.0,3,EQUAL,1500,RICH,100000.0,200000.0,200105.53,50000.0,575,472,103,1177,0.49,100105.53,50960.67,49144.86,1.13,1.07,1.07,174.1,107.97,477.13,75.32,34.3,41.02,1.24,GOOD
16/06/2023 15:52:20,16/06/2023 13:24:33,Dummy Trade Account_BTC_USD_WEEK_2023.06.16_15.52.20_RICH,dummy_trades_summary,BTC_USD,WEEK,LINEAR,30,3.0,false,false,TIMEFRAME,DEFAULT,BASIC_ITERATION,LIGHT_PREDICTIVE,true,4,true,8,100,3.0,2,0.0,3,EQUAL,1500,RICH,100000.0,200000.0,203696.6,50000.0,107,80,27,58,1.84,103696.6,122212.34,-18515.74,2.06,3.21,3.21,969.13,1527.65,-685.77,72.87,82.87,-10.0,2.23,IDEAL
16/06/2023 15:53:44,16/06/2023 13:24:33,Dummy Trade Account_BTC_USD_DAY_2023.06.16_15.53.44_RICH,dummy_trades_summary,BTC_USD,DAY,LINEAR,30,3.0,false,false,TIMEFRAME,DEFAULT,BASIC_ITERATION,LIGHT_PREDICTIVE,true,7,true,14,100,4.0,2,0.0,3,BASIC_RR,1500,RICH,100000.0,200000.0,201493.03,50000.0,76,56,20,69,1.1,101493.03,60327.25,41165.78,0.46,0.44,0.44,1335.43,1077.27,2058.29,77.87,47.87,30.0,1.86,GOOD
16/06/2023 15:53:45,16/06/2023 13:24:33,Dummy Trade Account_BTC_USD_FOUR_HOUR_2023.06.16_15.53.45_RICH,dummy_trades_summary,BTC_USD,FOUR_HOUR,LINEAR,30,3.0,false,false,TIMEFRAME,DEFAULT,BASIC_ITERATION,LIGHT_PREDICTIVE,true,6,true,12,100,4.0,2,0.0,3,BASIC_RR,1500,RICH,100000.0,200000.0,200545.89,50000.0,171,139,32,370,0.46,100545.89,26111.28,74434.61,0.55,0.51,0.51,587.99,187.85,2326.08,81.66,28.24,53.42,1.39,GOOD
16/06/2023 15:53:45,16/06/2023 13:24:33,Dummy Trade Account_BTC_USD_WEEK_2023.06.16_15.53.45_RICH,dummy_trades_summary,BTC_USD,WEEK,LINEAR,30,3.0,false,false,TIMEFRAME,DEFAULT,BASIC_ITERATION,LIGHT_PREDICTIVE,true,4,true,8,100,4.0,2,0.0,3,BASIC_RR,1500,RICH,100000.0,200000.0,204426.06,50000.0,60,44,16,21,2.86,104426.06,105677.06,-1251.0,0.62,0.83,0.83,1740.43,2401.75,-78.19,77.65,79.65,-2.0,2.03,IDEAL
16/06/2023 15:53:53,16/06/2023 13:24:33,Dummy Trade Account_BTC_USD_HOUR_2023.06.16_15.53.53_NEUTRAL,dummy_trades_summary,BTC_USD,HOUR,LINEAR,30,3.0,false,false,TIMEFRAME,DEFAULT,BASIC_ITERATION,LIGHT_PREDICTIVE,true,4,true,8,100,4.0,2,0.0,3,BASIC_RR,1500,NEUTRAL,100000.0,200000.0,117987.1,50000.0,1500,1185,315,1476,1.02,17987.1,-4018.34,22005.44,0.81,0.82,0.82,11.99,-3.39,69.86,48.18,17.27,30.91,1.02,RISKY
16/06/2023 15:55:54,16/06/2023 13:24:33,Dummy Trade Account_BTC_USD_WEEK_2023.06.16_15.55.54_RICH,dummy_trades_summary,BTC_USD,WEEK,LINEAR,30,3.0,false,false,TIMEFRAME,DEFAULT,BASIC_ITERATION,LIGHT_PREDICTIVE,true,4,true,8,100,4.0,2,2.0,3,BASIC_RR,1500,RICH,100000.0,200000.0,202597.68,50000.0,58,47,11,67,0.87,102597.68,54248.53,48349.15,0.57,0.47,0.47,1768.93,1154.22,4395.38,76.9,38.9,38.0,2.12,IDEAL
16/06/2023 15:56:11,16/06/2023 13:24:33,Dummy Trade Account_BTC_USD_HOUR_2023.06.16_15.56.11_RICH,dummy_trades_summary,BTC_USD,HOUR,LINEAR,30,3.0,false,false,TIMEFRAME,DEFAULT,BASIC_ITERATION,LIGHT_PREDICTIVE,true,4,true,8,100,4.0,2,2.0,3,BASIC_RR,1500,RICH,100000.0,200000.0,200622.4,50000.0,1016,958,58,6561,0.15,100622.4,70910.59,29711.81,0.96,0.93,0.93,99.04,74.02,512.27,78.9,58.97,19.93,1.16,RISKY
16/06/2023 15:56:12,16/06/2023 13:24:33,Dummy Trade Account_BTC_USD_DAY_2023.06.16_15.56.12_RICH,dummy_trades_summary,BTC_USD,DAY,LINEAR,30,3.0,false,false,TIMEFRAME,DEFAULT,BASIC_ITERATION,LIGHT_PREDICTIVE,true,7,true,14,100,4.0,2,2.0,3,BASIC_RR,1500,RICH,100000.0,200000.0,205156.14,50000.0,35,26,9,121,0.29,105156.14,87492.66,17663.48,0.75,0.86,0.86,3004.46,3365.1,1962.61,76.62,64.62,12.0,3.28,OUTSTANDING
16/06/2023 15:56:13,16/06/2023 13:24:33,Dummy Trade Account_BTC_USD_FOUR_HOUR_2023.06.16_15.56.13_RICH,dummy_trades_summary,BTC_USD,FOUR_HOUR,LINEAR,30,3.0,false,false,TIMEFRAME,DEFAULT,BASIC_ITERATION,LIGHT_PREDICTIVE,true,6,true,12,100,4.0,2,2.0,3,BASIC_RR,1500,RICH,100000.0,200000.0,208694.96,50000.0,31,29,2,395,0.08,108694.96,83918.11,24776.85,1.14,1.0,1.0,3506.29,2893.73,12388.43,77.1,61.1,16.0,4.79,OUTSTANDING
16/06/2023 16:00:11,16/06/2023 13:24:33,Dummy Trade Account_BTC_USD_WEEK_2023.06.16_16.00.11_RICH,dummy_trades_summary,BTC_USD,WEEK,LINEAR,30,3.0,false,false,TIMEFRAME,DEFAULT,BASIC_ITERATION,LIGHT_PREDICTIVE,true,4,true,8,100,4.0,2,2.0,3,BASIC_RR,1500,RICH,100000.0,200000.0,204317.73,50000.0,40,34,6,34,1.18,104317.73,120645.17,-16327.44,0.9,1.27,1.27,2607.94,3548.39,-2721.24,75.96,87.96,-12.0,2.96,IDEAL
16/06/2023 16:00:12,16/06/2023 13:24:33,Dummy Trade Account_BTC_USD_DAY_2023.06.16_16.00.12_RICH,dummy_trades_summary,BTC_USD,DAY,LINEAR,30,3.0,false,false,TIMEFRAME,DEFAULT,BASIC_ITERATION,LIGHT_PREDICTIVE,true,7,true,14,100,4.0,2,2.0,3,BASIC_RR,1500,RICH,100000.0,200000.0,203568.4,50000.0,46,38,8,214,0.21,103568.4,66538.31,37030.09,0.59,0.52,0.52,2251.49,1751.01,4628.76,76.66,52.66,24.0,2.55,IDEAL
16/06/2023 16:00:37,16/06/2023 13:24:33,Dummy Trade Account_BTC_USD_HOUR_2023.06.16_16.00.37_NEUTRAL,dummy_trades_summary,BTC_USD,HOUR,LINEAR,30,3.0,false,false,TIMEFRAME,DEFAULT,BASIC_ITERATION,LIGHT_PREDICTIVE,true,4,true,8,100,4.0,2,2.0,3,BASIC_RR,1500,NEUTRAL,100000.0,200000.0,75864.21,50000.0,1500,1398,102,9496,0.16,-24135.79,-31875.7,7739.91,0.91,0.91,0.91,-16.09,-22.8,75.88,-13.94,-24.23,10.29,0.95,BAD
16/06/2023 16:00:40,16/06/2023 13:24:33,Dummy Trade Account_BTC_USD_FOUR_HOUR_2023.06.16_16.00.40_RICH,dummy_trades_summary,BTC_USD,FOUR_HOUR,LINEAR,30,3.0,false,false,TIMEFRAME,DEFAULT,BASIC_ITERATION,LIGHT_PREDICTIVE,true,6,true,12,100,4.0,2,2.0,3,BASIC_RR,1500,RICH,100000.0,200000.0,202268.54,50000.0,97,92,5,1319,0.07,102268.54,91228.63,11039.91,0.8,0.8,0.8,1054.31,991.62,2207.98,76.35,66.35,10.0,1.85,GOOD
16/06/2023 16:02:12,16/06/2023 13:24:33,Dummy Trade Account_BTC_USD_HOUR_2023.06.16_16.02.12_NEUTRAL,dummy_trades_summary,BTC_USD,HOUR,LINEAR,30,3.0,false,false,TIMEFRAME,DEFAULT,BASIC_ITERATION,LIGHT_PREDICTIVE,true,4,true,8,100,3.0,2,2.0,3,BASIC_RR,1500,NEUTRAL,100000.0,200000.0,107837.5,50000.0,1500,1428,72,9364,0.16,7837.5,-6759.69,14597.19,0.93,0.89,0.89,5.23,-4.73,202.74,15.41,0.29,15.12,1.02,RISKY
16/06/2023 16:02:13,16/06/2023 13:24:33,Dummy Trade Account_BTC_USD_DAY_2023.06.16_16.02.13_RICH,dummy_trades_summary,BTC_USD,DAY,LINEAR,30,3.0,false,false,TIMEFRAME,DEFAULT,BASIC_ITERATION,LIGHT_PREDICTIVE,true,7,true,14,100,3.0,2,2.0,3,BASIC_RR,1500,RICH,100000.0,200000.0,207876.22,50000.0,26,19,7,106,0.25,107876.22,68023.62,39852.6,2.25,2.17,2.17,4149.09,3580.19,5693.23,75.87,49.87,26.0,6.56,OUTSTANDING
16/06/2023 16:02:13,16/06/2023 13:24:33,Dummy Trade Account_BTC_USD_WEEK_2023.06.16_16.02.13_RICH,dummy_trades_summary,BTC_USD,WEEK,LINEAR,30,3.0,false,false,TIMEFRAME,DEFAULT,BASIC_ITERATION,LIGHT_PREDICTIVE,true,4,true,8,100,3.0,2,2.0,3,BASIC_RR,1500,RICH,100000.0,200000.0,204045.43,50000.0,33,25,8,23,1.43,104045.43,67144.55,36900.88,1.54,1.27,1.27,3152.89,2685.78,4612.61,74.38,42.38,32.0,4.85,OUTSTANDING
16/06/2023 16:02:15,16/06/2023 13:24:33,Dummy Trade Account_BTC_USD_FOUR_HOUR_2023.06.16_16.02.15_RICH,dummy_trades_summary,BTC_USD,FOUR_HOUR,LINEAR,30,3.0,false,false,TIMEFRAME,DEFAULT,BASIC_ITERATION,LIGHT_PREDICTIVE,true,6,true,12,100,3.0,2,2.0,3,BASIC_RR,1500,RICH,100000.0,200000.0,206970.72,50000.0,85,82,3,1398,0.06,106970.72,93372.22,13598.5,1.31,1.22,1.22,1258.48,1138.69,4532.83,75.72,63.6,12.12,2.89,IDEAL
16/06/2023 16:04:38,16/06/2023 13:24:33,Dummy Trade Account_BTC_USD_DAY_2023.06.16_16.04.38_RICH,dummy_trades_summary,BTC_USD,DAY,LINEAR,30,3.0,false,false,TIMEFRAME,DEFAULT,BASIC_ITERATION,LIGHT_PREDICTIVE,true,7,true,14,100,3.0,2,0.0,3,BASIC_RR,1500,RICH,100000.0,200000.0,210683.07,50000.0,34,27,7,25,1.36,110683.07,96984.66,13698.41,1.27,1.45,1.45,3255.38,3592.02,1956.92,77.74,67.74,10.0,4.03,OUTSTANDING
16/06/2023 16:04:39,16/06/2023 13:24:33,Dummy Trade Account_BTC_USD_FOUR_HOUR_2023.06.16_16.04.39_RICH,dummy_trades_summary,BTC_USD,FOUR_HOUR,LINEAR,30,3.0,false,false,TIMEFRAME,DEFAULT,BASIC_ITERATION,LIGHT_PREDICTIVE,true,6,true,12,100,3.0,2,0.0,3,BASIC_RR,1500,RICH,100000.0,200000.0,201088.2,50000.0,165,139,26,370,0.45,101088.2,74101.8,26986.4,0.68,0.67,0.67,612.66,533.11,1037.94,77.64,53.41,24.23,1.54,GOOD
16/06/2023 16:04:39,16/06/2023 13:24:33,Dummy Trade Account_BTC_USD_WEEK_2023.06.16_16.04.39_RICH,dummy_trades_summary,BTC_USD,WEEK,LINEAR,30,3.0,false,false,TIMEFRAME,DEFAULT,BASIC_ITERATION,LIGHT_PREDICTIVE,true,4,true,8,100,3.0,2,0.0,3,BASIC_RR,1500,RICH,100000.0,200000.0,209117.77,50000.0,56,38,18,30,1.87,109117.77,70406.71,38711.06,0.87,0.9,0.9,1948.53,1852.81,2150.61,78.06,50.07,27.99,2.48,IDEAL
16/06/2023 16:04:43,16/06/2023 13:24:33,Dummy Trade Account_BTC_USD_HOUR_2023.06.16_16.04.43_REKT,dummy_trades_summary,BTC_USD,HOUR,LINEAR,30,3.0,false,false,TIMEFRAME,DEFAULT,BASIC_ITERATION,LIGHT_PREDICTIVE,true,4,true,8,100,3.0,2,0.0,3,BASIC_RR,1500,REKT,100000.0,200000.0,49689.44,50000.0,832,657,175,791,1.05,-50310.56,-28128.62,-22181.94,0.8,0.81,0.81,-60.47,-42.81,-126.75,-58.52,-49.73,-8.79,0.89,BAD
16/06/2023 16:10:19,16/06/2023 13:24:33,Dummy Trade Account_BTC_USD_WEEK_2023.06.16_16.10.19_RICH,dummy_trades_summary,BTC_USD,WEEK,LINEAR,30,3.0,false,false,TIMEFRAME,DEFAULT,BASIC_ITERATION,LIGHT_PREDICTIVE,true,4,true,8,100,3.0,2,0.0,3,BASIC_RR,3000,RICH,100.0,10000.0,10099.25,50.0,463,334,129,242,1.91,9999.25,7624.6,2374.65,0.72,0.81,0.81,21.6,22.83,18.41,495.2,392.67,102.53,1.77,GOOD
16/06/2023 16:10:33,16/06/2023 13:24:33,Dummy Trade Account_BTC_USD_HOUR_2023.06.16_16.10.33_NEUTRAL,dummy_trades_summary,BTC_USD,HOUR,LINEAR,30,3.0,false,false,TIMEFRAME,DEFAULT,BASIC_ITERATION,LIGHT_PREDICTIVE,true,4,true,8,100,3.0,2,0.0,3,BASIC_RR,3000,NEUTRAL,100.0,10000.0,319.14,50.0,3000,2387,613,2969,1.01,219.14,57.77,161.37,0.82,0.79,0.79,0.07,0.02,0.26,164.19,18.82,145.37,1.11,RISKY
16/06/2023 16:10:39,16/06/2023 13:24:33,Dummy Trade Account_BTC_USD_FOUR_HOUR_2023.06.16_16.10.39_RICH,dummy_trades_summary,BTC_USD,FOUR_HOUR,LINEAR,30,3.0,false,false,TIMEFRAME,DEFAULT,BASIC_ITERATION,LIGHT_PREDICTIVE,true,6,true,12,100,3.0,2,0.0,3,BASIC_RR,3000,RICH,100.0,10000.0,10183.0,50.0,1080,863,217,2223,0.49,10083.0,6514.89,3568.11,0.65,0.63,0.63,9.34,7.55,16.44,517.13,310.42,206.71,1.44,GOOD
16/06/2023 16:10:41,16/06/2023 13:24:33,Dummy Trade Account_BTC_USD_DAY_2023.06.16_16.10.41_RICH,dummy_trades_summary,BTC_USD,DAY,LINEAR,30,3.0,false,false,TIMEFRAME,DEFAULT,BASIC_ITERATION,LIGHT_PREDICTIVE,true,7,true,14,100,3.0,2,0.0,3,BASIC_RR,3000,RICH,100.0,10000.0,10089.17,50.0,352,244,108,370,0.95,9989.17,6847.53,3141.64,0.78,0.81,0.81,28.38,28.06,29.09,490.62,346.92,143.7,2.0,IDEAL
16/06/2023 16:12:34,16/06/2023 13:24:33,Dummy Trade Account_BTC_USD_DAY_2023.06.16_16.12.34_RICH,dummy_trades_summary,BTC_USD,DAY,LINEAR,30,3.0,false,false,TIMEFRAME,DEFAULT,BASIC_ITERATION,LIGHT_PREDICTIVE,true,7,true,14,100,3.0,2,0.0,3,BASIC_RR,3000,RICH,100.0,100000.0,102359.42,50.0,588,375,213,600,0.98,102259.42,38030.18,64229.24,0.73,0.65,0.65,173.91,101.41,301.55,740.28,363.89,376.39,2.29,IDEAL
16/06/2023 16:12:35,16/06/2023 13:24:33,Dummy Trade Account_BTC_USD_WEEK_2023.06.16_16.12.35_RICH,dummy_trades_summary,BTC_USD,WEEK,LINEAR,30,3.0,false,false,TIMEFRAME,DEFAULT,BASIC_ITERATION,LIGHT_PREDICTIVE,true,4,true,8,100,3.0,2,0.0,3,BASIC_RR,3000,RICH,100.0,100000.0,103038.91,50.0,728,556,172,341,2.13,102938.91,95607.27,7331.64,0.7,0.78,0.78,141.4,171.96,42.63,746.64,639.16,107.48,1.65,GOOD
16/06/2023 16:12:48,16/06/2023 13:24:33,Dummy Trade Account_BTC_USD_HOUR_2023.06.16_16.12.48_NEUTRAL,dummy_trades_summary,BTC_USD,HOUR,LINEAR,30,3.0,false,false,TIMEFRAME,DEFAULT,BASIC_ITERATION,LIGHT_PREDICTIVE,true,4,true,8,100,3.0,2,0.0,3,BASIC_RR,3000,NEUTRAL,100.0,100000.0,103.31,50.0,3000,2384,616,2935,1.02,3.31,-20.63,23.94,0.8,0.82,0.82,0.0,-0.01,0.04,49.28,4.41,44.87,1.0,RISKY
16/06/2023 16:12:57,16/06/2023 13:24:33,Dummy Trade Account_BTC_USD_FOUR_HOUR_2023.06.16_16.12.57_RICH,dummy_trades_summary,BTC_USD,FOUR_HOUR,LINEAR,30,3.0,false,false,TIMEFRAME,DEFAULT,BASIC_ITERATION,LIGHT_PREDICTIVE,true,6,true,12,100,3.0,2,0.0,3,BASIC_RR,3000,RICH,100.0,100000.0,101027.29,50.0,1825,1491,334,3391,0.54,100927.29,32767.35,68159.94,0.64,0.6,0.6,55.3,21.98,204.07,782.04,352.62,429.42,1.38,GOOD
16/06/2023 17:51:21,16/06/2023 17:50:32,Dummy Trade Account_BTC_USD_DAY_2023.06.16_17.51.21_RICH,dummy_trades_summary,BTC_USD,DAY,LINEAR,30,3.0,false,false,TIMEFRAME_LONG,DEFAULT,BASIC_ITERATION,LIGHT_PREDICTIVE,true,14,true,21,100,3.0,2,0.0,3,BASIC_RR,3000,RICH,100.0,100000.0,104432.58,50.0,511,301,210,267,1.91,104332.58,82589.37,21743.21,0.76,0.85,0.85,204.17,274.38,103.54,738.95,495.28,243.67,2.41,IDEAL
16/06/2023 17:52:01,16/06/2023 17:50:32,Dummy Trade Account_BTC_USD_HOUR_2023.06.16_17.52.01_NEUTRAL,dummy_trades_summary,BTC_USD,HOUR,LINEAR,30,3.0,false,false,TIMEFRAME_LONG,DEFAULT,BASIC_ITERATION,LIGHT_PREDICTIVE,true,8,true,12,100,3.0,2,0.0,3,BASIC_RR,3000,NEUTRAL,100.0,100000.0,3106.55,50.0,3000,2303,697,4748,0.63,3006.55,913.08,2093.47,0.8,0.8,0.8,1.0,0.4,3.0,420.14,152.69,267.45,1.15,RISKY
16/06/2023 17:52:02,16/06/2023 17:50:32,Dummy Trade Account_BTC_USD_WEEK_2023.06.16_17.52.02_RICH,dummy_trades_summary,BTC_USD,WEEK,LINEAR,30,3.0,false,false,TIMEFRAME_LONG,DEFAULT,BASIC_ITERATION,LIGHT_PREDICTIVE,true,8,true,12,100,3.0,2,0.0,3,BASIC_RR,3000,RICH,100.0,100000.0,101274.58,50.0,527,331,196,124,4.25,101174.58,73838.88,27335.7,0.79,1.06,1.06,191.98,223.08,139.47,735.57,623.35,112.22,2.09,IDEAL
16/06/2023 17:52:21,16/06/2023 17:50:32,Dummy Trade Account_BTC_USD_FOUR_HOUR_2023.06.16_17.52.21_RICH,dummy_trades_summary,BTC_USD,FOUR_HOUR,LINEAR,30,3.0,false,false,TIMEFRAME_LONG,DEFAULT,BASIC_ITERATION,LIGHT_PREDICTIVE,true,12,true,18,100,3.0,2,0.0,3,BASIC_RR,3000,RICH,100.0,100000.0,104216.66,50.0,570,393,177,1286,0.44,104116.66,38266.51,65850.15,0.86,0.7,0.7,182.66,97.37,372.03,737.84,317.24,420.6,2.25,IDEAL
16/06/2023 22:07:01,16/06/2023 17:50:32,Dummy Trade Account_BTC_USD_FOUR_HOUR_2023.06.16_22.07.01_NEUTRAL,dummy_trades_summary,BTC_USD,FOUR_HOUR,LINEAR,30,3.0,false,false,TIMEFRAME_LONG,DEFAULT,BASIC_ITERATION,LIGHT_PREDICTIVE,true,12,true,18,100,3.0,2,0.0,3,BASIC_RR,3000,NEUTRAL,100.0,100000.0,2075.45,50.0,3000,2034,966,1804,1.66,1975.45,3218.9,-1243.45,0.55,0.57,0.57,0.66,1.58,-1.29,441.9,367.76,74.14,1.04,RISKY
16/06/2023 22:07:12,16/06/2023 17:50:32,Dummy Trade Account_BTC_USD_HOUR_2023.06.16_22.07.12_REKT,dummy_trades_summary,BTC_USD,HOUR,LINEAR,30,3.0,false,false,TIMEFRAME_LONG,DEFAULT,BASIC_ITERATION,LIGHT_PREDICTIVE,true,8,true,12,100,3.0,2,0.0,3,BASIC_RR,3000,REKT,100.0,100000.0,49.85,50.0,1117,844,273,646,1.73,-50.15,-50.75,0.6,0.72,0.76,0.76,-0.04,-0.06,0.0,-51.1,-51.02,-0.08,0.92,BAD
16/06/2023 22:07:13,16/06/2023 17:50:32,Dummy Trade Account_BTC_USD_WEEK_2023.06.16_22.07.13_RICH,dummy_trades_summary,BTC_USD,WEEK,LINEAR,30,3.0,false,false,TIMEFRAME_LONG,DEFAULT,BASIC_ITERATION,LIGHT_PREDICTIVE,true,8,true,12,100,3.0,2,0.0,3,BASIC_RR,3000,RICH,100.0,100000.0,104428.88,50.0,606,469,137,365,1.66,104328.88,65389.0,38939.88,0.72,0.71,0.71,172.16,139.42,284.23,743.33,545.81,197.52,2.2,IDEAL
16/06/2023 22:07:44,16/06/2023 17:50:32,Dummy Trade Account_BTC_USD_DAY_2023.06.16_22.07.44_RICH,dummy_trades_summary,BTC_USD,DAY,LINEAR,30,3.0,false,false,TIMEFRAME_LONG,DEFAULT,BASIC_ITERATION,LIGHT_PREDICTIVE,true,14,true,21,100,3.0,2,0.0,3,BASIC_RR,3000,RICH,100.0,100000.0,100073.44,50.0,1463,1024,439,806,1.82,99973.44,52210.28,47763.16,0.49,0.48,0.48,68.33,50.99,108.8,787.64,504.22,283.42,1.22,GOOD
16/06/2023 22:09:11,16/06/2023 17:50:32,Dummy Trade Account_BTC_USD_HOUR_2023.06.16_22.09.11_NEUTRAL,dummy_trades_summary,BTC_USD,HOUR,LINEAR/NONE,30,3.0,false,false,TIMEFRAME_LONG,DEFAULT,BASIC_ITERATION,LIGHT_PREDICTIVE,true,8,true,12,100,3.0,2,0.0,3,BASIC_RR,3000,NEUTRAL,100.0,100000.0,237.5,50.0,3000,2019,981,6118,0.49,137.5,-68.04,205.54,0.66,0.65,0.65,0.05,-0.03,0.21,182.93,19.71,163.22,1.03,RISKY
16/06/2023 22:09:17,16/06/2023 17:50:32,Dummy Trade Account_BTC_USD_DAY_2023.06.16_22.09.17_RICH,dummy_trades_summary,BTC_USD,DAY,LINEAR/NONE,30,3.0,false,false,TIMEFRAME_LONG,DEFAULT,BASIC_ITERATION,LIGHT_PREDICTIVE,true,14,true,21,100,3.0,2,0.0,3,BASIC_RR,3000,RICH,100.0,100000.0,105543.66,50.0,330,189,141,200,1.65,105443.66,54121.81,51321.85,1.12,1.25,1.25,319.53,286.36,363.98,729.41,460.24,269.17,3.04,OUTSTANDING
16/06/2023 22:09:17,16/06/2023 17:50:32,Dummy Trade Account_BTC_USD_WEEK_2023.06.16_22.09.17_RICH,dummy_trades_summary,BTC_USD,WEEK,LINEAR/NONE,30,3.0,false,false,TIMEFRAME_LONG,DEFAULT,BASIC_ITERATION,LIGHT_PREDICTIVE,true,8,true,12,100,3.0,2,0.0,3,BASIC_RR,3000,RICH,100.0,100000.0,105167.42,50.0,388,224,164,121,3.21,105067.42,90195.87,14871.55,0.97,1.33,1.33,270.79,402.66,90.68,732.0,549.77,182.23,3.22,OUTSTANDING
16/06/2023 22:09:32,16/06/2023 17:50:32,Dummy Trade Account_BTC_USD_FOUR_HOUR_2023.06.16_22.09.32_RICH,dummy_trades_summary,BTC_USD,FOUR_HOUR,LINEAR/NONE,30,3.0,false,false,TIMEFRAME_LONG,DEFAULT,BASIC_ITERATION,LIGHT_PREDICTIVE,true,12,true,18,100,3.0,2,0.0,3,BASIC_RR,3000,RICH,100.0,100000.0,100020.87,50.0,343,214,129,1385,0.25,99920.87,63340.2,36580.67,1.12,1.06,1.06,291.31,295.98,283.57,723.45,424.79,298.66,3.37,OUTSTANDING
16/06/2023 22:15:13,16/06/2023 17:50:32,Dummy Trade Account_BTC_USD_DAY_2023.06.16_22.15.13_RICH,dummy_trades_summary,BTC_USD,DAY,LINEAR,30,3.0,false,false,TIMEFRAME_LONG,DEFAULT,BASIC_ITERATION,LIGHT_PREDICTIVE,true,14,true,21,100,3.0,2,0.0,3,EQUAL,3000,RICH,100.0,100000.0,100829.16,50.0,640,399,241,319,2.01,100729.16,63244.29,37484.87,3.32,3.06,3.06,157.39,158.51,155.54,704.27,419.41,284.86,4.47,OUTSTANDING
16/06/2023 22:15:48,16/06/2023 17:50:32,Dummy Trade Account_BTC_USD_HOUR_2023.06.16_22.15.48_NEUTRAL,dummy_trades_summary,BTC_USD,HOUR,LINEAR,30,3.0,false,false,TIMEFRAME_LONG,DEFAULT,BASIC_ITERATION,LIGHT_PREDICTIVE,true,8,true,12,100,3.0,2,0.0,3,EQUAL,3000,NEUTRAL,100.0,100000.0,448.8,50.0,3000,2317,683,4681,0.64,348.8,105.19,243.61,1.03,0.99,0.99,0.12,0.05,0.36,164.88,63.33,101.55,1.13,RISKY
16/06/2023 22:16:18,16/06/2023 17:50:32,Dummy Trade Account_BTC_USD_FOUR_HOUR_2023.06.16_22.16.18_RICH,dummy_trades_summary,BTC_USD,FOUR_HOUR,LINEAR,30,3.0,false,false,TIMEFRAME_LONG,DEFAULT,BASIC_ITERATION,LIGHT_PREDICTIVE,true,12,true,18,100,3.0,2,0.0,3,EQUAL,3000,RICH,100.0,100000.0,100575.43,50.0,889,636,253,2116,0.42,100475.43,52932.75,47542.68,2.41,1.89,1.89,113.02,83.23,187.92,704.18,378.85,325.33,3.21,OUTSTANDING
16/06/2023 22:16:19,16/06/2023 17:50:32,Dummy Trade Account_BTC_USD_WEEK_2023.06.16_22.16.19_RICH,dummy_trades_summary,BTC_USD,WEEK,LINEAR,30,3.0,false,false,TIMEFRAME_LONG,DEFAULT,BASIC_ITERATION,LIGHT_PREDICTIVE,true,8,true,12,100,3.0,2,0.0,3,EQUAL,3000,RICH,100.0,100000.0,100794.7,50.0,752,464,288,173,4.35,100694.7,62184.6,38510.1,2.86,3.16,3.16,133.9,134.02,133.72,705.14,461.51,243.63,2.5,IDEAL
16/06/2023 22:18:43,16/06/2023 17:50:32,Dummy Trade Account_BTC_USD_HOUR_2023.06.16_22.18.43_NEUTRAL,dummy_trades_summary,BTC_USD,HOUR,LINEAR,30,3.0,false,false,TIMEFRAME_LONG,DEFAULT,BASIC_ITERATION,LIGHT_PREDICTIVE,true,8,true,12,100,3.0,2,0.0,3,BASIC_RR,3000,NEUTRAL,100.0,100000.0,4150.18,50.0,3000,2344,656,4758,0.63,4050.18,2589.91,1460.27,0.78,0.76,0.76,1.35,1.1,2.23,448.26,234.13,214.13,1.19,RISKY
16/06/2023 22:18:44,16/06/2023 17:50:32,Dummy Trade Account_BTC_USD_WEEK_2023.06.16_22.18.44_RICH,dummy_trades_summary,BTC_USD,WEEK,LINEAR,30,3.0,false,false,TIMEFRAME_LONG,DEFAULT,BASIC_ITERATION,LIGHT_PREDICTIVE,true,8,true,12,100,3.0,2,0.0,3,BASIC_RR,3000,RICH,100.0,100000.0,102453.95,50.0,555,332,223,113,4.91,102353.95,82011.88,20342.07,0.76,0.94,0.94,184.42,247.02,91.22,738.56,541.98,196.58,2.0,IDEAL
16/06/2023 22:19:03,16/06/2023 17:50:32,Dummy Trade Account_BTC_USD_FOUR_HOUR_2023.06.16_22.19.03_RICH,dummy_trades_summary,BTC_USD,FOUR_HOUR,LINEAR,30,3.0,false,false,TIMEFRAME_LONG,DEFAULT,BASIC_ITERATION,LIGHT_PREDICTIVE,true,12,true,18,100,3.0,2,0.0,3,BASIC_RR,3000,RICH,100.0,100000.0,100496.26,50.0,655,473,182,1592,0.41,100396.26,38356.76,62039.5,0.79,0.64,0.64,153.28,81.09,340.88,738.24,304.57,433.67,2.32,IDEAL
16/06/2023 22:19:13,16/06/2023 17:50:32,Dummy Trade Account_BTC_USD_DAY_2023.06.16_22.19.13_RICH,dummy_trades_summary,BTC_USD,DAY,LINEAR,30,3.0,false,false,TIMEFRAME_LONG,DEFAULT,BASIC_ITERATION,LIGHT_PREDICTIVE,true,14,true,21,100,3.0,2,0.0,3,BASIC_RR,3000,RICH,100.0,100000.0,103764.27,50.0,509,309,200,295,1.73,103664.27,81120.08,22544.19,0.77,0.9,0.9,203.66,262.52,112.72,738.09,538.64,199.45,2.96,IDEAL
16/06/2023 22:23:00,16/06/2023 17:50:32,Dummy Trade Account_BTC_USD_HOUR_2023.06.16_22.23.00_NEUTRAL,dummy_trades_summary,BTC_USD,HOUR,LINEAR,30,3.0,false,false,TIMEFRAME_LONG,DEFAULT,BASIC_ITERATION,LIGHT_PREDICTIVE,true,8,true,12,100,2.0,2,0.0,3,BASIC_RR,3000,NEUTRAL,100.0,100000.0,3058.61,50.0,3000,2321,679,4494,0.67,2958.61,1244.31,1714.3,0.91,0.91,0.91,0.99,0.54,2.52,388.11,174.22,213.89,1.24,GOOD
16/06/2023 22:23:27,16/06/2023 17:50:32,Dummy Trade Account_BTC_USD_FOUR_HOUR_2023.06.16_22.23.27_RICH,dummy_trades_summary,BTC_USD,FOUR_HOUR,LINEAR,30,3.0,false,false,TIMEFRAME_LONG,DEFAULT,BASIC_ITERATION,LIGHT_PREDICTIVE,true,12,true,18,100,2.0,2,0.0,3,BASIC_RR,3000,RICH,100.0,100000.0,102173.04,50.0,828,606,222,1933,0.43,102073.04,61051.63,41021.41,1.06,0.91,0.91,123.28,100.75,184.78,726.87,353.79,373.08,2.19,IDEAL
16/06/2023 22:23:28,16/06/2023 17:50:32,Dummy Trade Account_BTC_USD_WEEK_2023.06.16_22.23.28_RICH,dummy_trades_summary,BTC_USD,WEEK,LINEAR,30,3.0,false,false,TIMEFRAME_LONG,DEFAULT,BASIC_ITERATION,LIGHT_PREDICTIVE,true,8,true,12,100,2.0,2,0.0,3,BASIC_RR,3000,RICH,100.0,100000.0,100909.37,50.0,689,415,274,168,4.1,100809.37,86764.57,14044.8,1.06,1.46,1.46,146.31,209.07,51.26,725.59,613.24,112.35,2.21,IDEAL
16/06/2023 22:23:39,16/06/2023 17:50:32,Dummy Trade Account_BTC_USD_DAY_2023.06.16_22.23.39_RICH,dummy_trades_summary,BTC_USD,DAY,LINEAR,30,3.0,false,false,TIMEFRAME_LONG,DEFAULT,BASIC_ITERATION,LIGHT_PREDICTIVE,true,14,true,21,100,2.0,2,0.0,3,BASIC_RR,3000,RICH,100.0,100000.0,101734.43,50.0,682,416,266,314,2.17,101634.43,56631.67,45002.76,1.05,1.0,1.0,149.02,136.13,169.18,726.45,411.67,314.78,2.26,IDEAL
16/06/2023 22:24:49,16/06/2023 17:50:32,Dummy Trade Account_BTC_USD_WEEK_2023.06.16_22.24.49_RICH,dummy_trades_summary,BTC_USD,WEEK,LINEAR,30,3.0,false,false,TIMEFRAME_LONG,DEFAULT,BASIC_ITERATION,LIGHT_PREDICTIVE,true,8,true,12,100,5.0,2,0.0,3,BASIC_RR,3000,RICH,100.0,100000.0,108992.9,50.0,494,298,196,128,3.86,108892.9,86320.97,22571.93,0.43,0.53,0.53,220.43,289.67,115.16,774.64,614.71,159.93,1.75,GOOD
16/06/2023 22:25:04,16/06/2023 17:50:32,Dummy Trade Account_BTC_USD_FOUR_HOUR_2023.06.16_22.25.04_RICH,dummy_trades_summary,BTC_USD,FOUR_HOUR,LINEAR,30,3.0,false,false,TIMEFRAME_LONG,DEFAULT,BASIC_ITERATION,LIGHT_PREDICTIVE,true,12,true,18,100,5.0,2,0.0,3,BASIC_RR,3000,RICH,100.0,100000.0,101022.23,50.0,543,405,138,1173,0.46,100922.23,41692.78,59229.45,0.48,0.44,0.44,185.86,102.95,429.2,766.17,427.95,338.22,1.53,GOOD
16/06/2023 22:25:11,16/06/2023 17:50:32,Dummy Trade Account_BTC_USD_DAY_2023.06.16_22.25.11_RICH,dummy_trades_summary,BTC_USD,DAY,LINEAR,30,3.0,false,false,TIMEFRAME_LONG,DEFAULT,BASIC_ITERATION,LIGHT_PREDICTIVE,true,14,true,21,100,5.0,2,0.0,3,BASIC_RR,3000,RICH,100.0,100000.0,106076.89,50.0,454,267,187,248,1.83,105976.89,77275.62,28701.27,0.45,0.46,0.46,233.43,289.42,153.48,768.35,470.4,297.95,2.0,IDEAL
16/06/2023 22:25:48,16/06/2023 17:50:32,Dummy Trade Account_BTC_USD_HOUR_2023.06.16_22.25.48_NEUTRAL,dummy_trades_summary,BTC_USD,HOUR,LINEAR,30,3.0,false,false,TIMEFRAME_LONG,DEFAULT,BASIC_ITERATION,LIGHT_PREDICTIVE,true,8,true,12,100,5.0,2,0.0,3,BASIC_RR,3000,NEUTRAL,100.0,100000.0,55359.09,50.0,3000,2320,680,4611,0.65,55259.09,11155.55,44103.54,0.59,0.59,0.59,18.42,4.81,64.86,800.24,421.08,379.16,1.18,RISKY
16/06/2023 22:26:51,16/06/2023 17:50:32,Dummy Trade Account_BTC_USD_WEEK_2023.06.16_22.26.51_RICH,dummy_trades_summary,BTC_USD,WEEK,LINEAR,30,3.0,false,false,TIMEFRAME_LONG,DEFAULT,BASIC_ITERATION,LIGHT_PREDICTIVE,true,8,true,12,100,3.0,2,0.0,4,BASIC_RR,3000,RICH,100.0,100000.0,100279.04,50.0,402,250,152,89,4.52,100179.04,69978.21,30200.83,1.01,1.24,1.24,249.2,279.91,198.69,727.2,515.9,211.3,2.13,IDEAL
16/06/2023 22:27:13,16/06/2023 17:50:32,Dummy Trade Account_BTC_USD_FOUR_HOUR_2023.06.16_22.27.13_RICH,dummy_trades_summary,BTC_USD,FOUR_HOUR,LINEAR,30,3.0,false,false,TIMEFRAME_LONG,DEFAULT,BASIC_ITERATION,LIGHT_PREDICTIVE,true,12,true,18,100,3.0,2,0.0,4,BASIC_RR,3000,RICH,100.0,100000.0,105977.44,50.0,630,448,182,1494,0.42,105877.44,64246.39,41631.05,0.84,0.74,0.74,168.06,143.41,228.74,740.47,373.41,367.06,2.45,IDEAL
16/06/2023 22:27:20,16/06/2023 17:50:32,Dummy Trade Account_BTC_USD_DAY_2023.06.16_22.27.20_RICH,dummy_trades_summary,BTC_USD,DAY,LINEAR,30,3.0,false,false,TIMEFRAME_LONG,DEFAULT,BASIC_ITERATION,LIGHT_PREDICTIVE,true,14,true,21,100,3.0,2,0.0,4,BASIC_RR,3000,RICH,100.0,100000.0,104580.2,50.0,327,189,138,174,1.88,104480.2,44426.9,60053.3,1.12,1.2,1.2,319.51,235.06,435.17,728.25,443.3,284.95,5.12,OUTSTANDING
16/06/2023 22:27:58,16/06/2023 17:50:32,Dummy Trade Account_BTC_USD_HOUR_2023.06.16_22.27.58_NEUTRAL,dummy_trades_summary,BTC_USD,HOUR,LINEAR,30,3.0,false,false,TIMEFRAME_LONG,DEFAULT,BASIC_ITERATION,LIGHT_PREDICTIVE,true,8,true,12,100,3.0,2,0.0,4,BASIC_RR,3000,NEUTRAL,100.0,100000.0,2268.41,50.0,3000,2334,666,4677,0.64,2168.41,-1609.65,3778.06,0.82,0.79,0.79,0.72,-0.69,5.67,374.96,106.7,268.26,1.09,RISKY
16/06/2023 22:32:49,16/06/2023 17:50:32,Dummy Trade Account_BTC_USD_FOUR_HOUR_2023.06.16_22.32.49_NEUTRAL,dummy_trades_summary,BTC_USD,FOUR_HOUR,LINEAR,30,3.0,false,false,TIMEFRAME_LONG,DEFAULT,BASIC_ITERATION,LIGHT_PREDICTIVE,true,12,true,18,100,3.0,2,0.0,2,EQUAL,100,NEUTRAL,100.0,10000.0,149.92,50.0,100,75,25,235,0.43,49.92,33.63,16.29,1.56,1.5,1.5,0.5,0.45,0.65,42.25,29.15,13.1,1.62,GOOD
16/06/2023 22:32:51,16/06/2023 17:50:32,Dummy Trade Account_BTC_USD_DAY_2023.06.16_22.32.51_NEUTRAL,dummy_trades_summary,BTC_USD,DAY,LINEAR,30,3.0,false,false,TIMEFRAME_LONG,DEFAULT,BASIC_ITERATION,LIGHT_PREDICTIVE,true,14,true,21,100,3.0,2,0.0,2,EQUAL,100,NEUTRAL,100.0,10000.0,241.44,50.0,100,59,41,59,1.69,141.44,96.19,45.25,2.57,2.69,2.69,1.41,1.63,1.1,90.23,55.9,34.33,2.42,IDEAL
16/06/2023 22:32:52,16/06/2023 17:50:32,Dummy Trade Account_BTC_USD_HOUR_2023.06.16_22.32.52_NEUTRAL,dummy_trades_summary,BTC_USD,HOUR,LINEAR,30,3.0,false,false,TIMEFRAME_LONG,DEFAULT,BASIC_ITERATION,LIGHT_PREDICTIVE,true,8,true,12,100,3.0,2,0.0,2,EQUAL,100,NEUTRAL,100.0,10000.0,104.58,50.0,100,77,23,145,0.69,4.58,2.53,2.05,1.06,0.97,0.97,0.05,0.03,0.09,5.25,2.89,2.36,1.1,RISKY
16/06/2023 22:32:52,16/06/2023 17:50:32,Dummy Trade Account_BTC_USD_WEEK_2023.06.16_22.32.52_NEUTRAL,dummy_trades_summary,BTC_USD,WEEK,LINEAR,30,3.0,false,false,TIMEFRAME_LONG,DEFAULT,BASIC_ITERATION,LIGHT_PREDICTIVE,true,8,true,12,100,3.0,2,0.0,2,EQUAL,100,NEUTRAL,100.0,10000.0,137.2,50.0,100,69,31,23,4.35,37.2,40.34,-3.14,1.53,1.89,1.89,0.37,0.58,-0.1,33.31,33.82,-0.51,1.42,GOOD
16/06/2023 22:33:58,16/06/2023 17:50:32,Dummy Trade Account_BTC_USD_DAY_2023.06.16_22.33.58_NEUTRAL,dummy_trades_summary,BTC_USD,DAY,LINEAR,30,3.0,false,false,TIMEFRAME_LONG,DEFAULT,BASIC_ITERATION,LIGHT_PREDICTIVE,true,14,true,21,100,3.0,2,0.0,2,EQUAL,100,NEUTRAL,100.0,10000.0,203.31,50.0,100,60,40,72,1.39,103.31,59.83,43.48,2.09,1.95,1.95,1.03,1.0,1.09,72.99,42.54,30.45,2.07,IDEAL
16/06/2023 22:34:01,16/06/2023 17:50:32,Dummy Trade Account_BTC_USD_FOUR_HOUR_2023.06.16_22.34.01_NEUTRAL,dummy_trades_summary,BTC_USD,FOUR_HOUR,LINEAR,30,3.0,false,false,TIMEFRAME_LONG,DEFAULT,BASIC_ITERATION,LIGHT_PREDICTIVE,true,12,true,18,100,3.0,2,0.0,2,EQUAL,100,NEUTRAL,100.0,10000.0,227.94,50.0,100,69,31,235,0.43,127.94,63.71,64.23,2.57,1.88,1.88,1.28,0.92,2.07,84.07,39.8,44.27,2.86,IDEAL
16/06/2023 22:34:02,16/06/2023 17:50:32,Dummy Trade Account_BTC_USD_HOUR_2023.06.16_22.34.02_NEUTRAL,dummy_trades_summary,BTC_USD,HOUR,LINEAR,30,3.0,false,false,TIMEFRAME_LONG,DEFAULT,BASIC_ITERATION,LIGHT_PREDICTIVE,true,8,true,12,100,3.0,2,0.0,2,EQUAL,100,NEUTRAL,100.0,10000.0,89.05,50.0,100,83,17,138,0.72,-10.95,-14.59,3.64,0.71,0.71,0.71,-0.11,-0.18,0.21,-10.83,-15.08,4.25,0.77,BAD
16/06/2023 22:34:02,16/06/2023 17:50:32,Dummy Trade Account_BTC_USD_WEEK_2023.06.16_22.34.02_NEUTRAL,dummy_trades_summary,BTC_USD,WEEK,LINEAR,30,3.0,false,false,TIMEFRAME_LONG,DEFAULT,BASIC_ITERATION,LIGHT_PREDICTIVE,true,8,true,12,100,3.0,2,0.0,2,EQUAL,100,NEUTRAL,100.0,10000.0,159.06,50.0,100,61,39,25,4.0,59.06,37.51,21.55,1.79,2.07,2.07,0.59,0.61,0.55,48.06,29.1,18.96,1.86,GOOD
16/06/2023 22:34:51,16/06/2023 17:50:32,Dummy Trade Account_BTC_USD_DAY_2023.06.16_22.34.51_RICH,dummy_trades_summary,BTC_USD,DAY,LINEAR,30,3.0,false,false,TIMEFRAME_LONG,DEFAULT,BASIC_ITERATION,LIGHT_PREDICTIVE,true,14,true,21,100,3.0,2,0.0,2,EQUAL,1000,RICH,100.0,10000.0,10140.89,50.0,620,356,264,329,1.88,10040.89,5340.56,4700.33,2.2,2.02,2.02,16.19,15.0,17.8,474.26,249.43,224.83,1.93,GOOD
16/06/2023 22:35:03,16/06/2023 17:50:32,Dummy Trade Account_BTC_USD_HOUR_2023.06.16_22.35.03_NEUTRAL,dummy_trades_summary,BTC_USD,HOUR,LINEAR,30,3.0,false,false,TIMEFRAME_LONG,DEFAULT,BASIC_ITERATION,LIGHT_PREDICTIVE,true,8,true,12,100,3.0,2,0.0,2,EQUAL,1000,NEUTRAL,100.0,10000.0,91.29,50.0,1000,809,191,1589,0.63,-8.71,-70.32,61.61,0.93,0.84,0.84,-0.01,-0.09,0.32,-1.02,-60.03,59.01,0.98,BAD
16/06/2023 22:35:31,16/06/2023 17:50:32,Dummy Trade Account_BTC_USD_FOUR_HOUR_2023.06.16_22.35.31_RICH,dummy_trades_summary,BTC_USD,FOUR_HOUR,LINEAR,30,3.0,false,false,TIMEFRAME_LONG,DEFAULT,BASIC_ITERATION,LIGHT_PREDICTIVE,true,12,true,18,100,3.0,2,0.0,2,EQUAL,1000,RICH,100.0,10000.0,10083.45,50.0,896,677,219,2218,0.4,9983.45,6847.16,3136.29,1.71,1.58,1.58,11.14,10.11,14.32,476.56,308.79,167.77,1.73,GOOD
16/06/2023 22:35:33,16/06/2023 17:50:32,Dummy Trade Account_BTC_USD_WEEK_2023.06.16_22.35.33_NEUTRAL,dummy_trades_summary,BTC_USD,WEEK,LINEAR,30,3.0,false,false,TIMEFRAME_LONG,DEFAULT,BASIC_ITERATION,LIGHT_PREDICTIVE,true,8,true,12,100,3.0,2,0.0,2,EQUAL,1000,NEUTRAL,100.0,10000.0,3229.67,50.0,1000,594,406,248,4.03,3129.67,2013.44,1116.23,1.44,1.65,1.65,3.13,3.39,2.75,366.05,286.32,79.73,1.47,GOOD
16/06/2023 22:36:15,16/06/2023 17:50:32,Dummy Trade Account_BTC_USD_HOUR_2023.06.16_22.36.15_NEUTRAL,dummy_trades_summary,BTC_USD,HOUR,LINEAR,30,3.0,false,false,TIMEFRAME_LONG,DEFAULT,BASIC_ITERATION,LIGHT_PREDICTIVE,true,8,true,12,100,3.0,2,0.0,3,EQUAL,1000,NEUTRAL,100.0,10000.0,177.52,50.0,1000,782,218,1434,0.7,77.52,23.91,53.61,1.06,0.99,0.99,0.08,0.03,0.25,61.97,22.97,39.0,1.15,RISKY
16/06/2023 22:36:16,16/06/2023 17:50:32,Dummy Trade Account_BTC_USD_WEEK_2023.06.16_22.36.16_RICH,dummy_trades_summary,BTC_USD,WEEK,LINEAR,30,3.0,false,false,TIMEFRAME_LONG,DEFAULT,BASIC_ITERATION,LIGHT_PREDICTIVE,true,8,true,12,100,3.0,2,0.0,3,EQUAL,1000,RICH,100.0,10000.0,10173.3,50.0,534,314,220,118,4.53,10073.3,6055.54,4017.76,2.73,3.1,3.1,18.86,19.29,18.26,471.79,299.1,172.69,3.29,OUTSTANDING
16/06/2023 22:36:37,16/06/2023 17:50:32,Dummy Trade Account_BTC_USD_FOUR_HOUR_2023.06.16_22.36.37_RICH,dummy_trades_summary,BTC_USD,FOUR_HOUR,LINEAR,30,3.0,false,false,TIMEFRAME_LONG,DEFAULT,BASIC_ITERATION,LIGHT_PREDICTIVE,true,12,true,18,100,3.0,2,0.0,3,EQUAL,1000,RICH,100.0,10000.0,10047.52,50.0,786,572,214,1740,0.45,9947.52,3707.35,6240.17,1.73,1.32,1.32,12.66,6.48,29.16,472.39,207.07,265.32,2.42,IDEAL
16/06/2023 22:36:45,16/06/2023 17:50:32,Dummy Trade Account_BTC_USD_DAY_2023.06.16_22.36.45_RICH,dummy_trades_summary,BTC_USD,DAY,LINEAR,30,3.0,false,false,TIMEFRAME_LONG,DEFAULT,BASIC_ITERATION,LIGHT_PREDICTIVE,true,14,true,21,100,3.0,2,0.0,3,EQUAL,1000,RICH,100.0,10000.0,10093.77,50.0,515,312,203,274,1.88,9993.77,6161.12,3832.65,2.72,2.41,2.41,19.41,19.75,18.88,471.66,252.45,219.21,3.56,OUTSTANDING
16/06/2023 22:38:00,16/06/2023 17:50:32,Dummy Trade Account_BTC_USD_HOUR_2023.06.16_22.38.00_NEUTRAL,dummy_trades_summary,BTC_USD,HOUR,LINEAR,30,3.0,false,false,TIMEFRAME_LONG,DEFAULT,BASIC_ITERATION,LIGHT_PREDICTIVE,true,8,true,12,100,3.0,2,0.0,3,EQUAL,1000,NEUTRAL,100.0,10000.0,146.23,50.0,1000,761,239,1551,0.64,46.23,11.16,35.07,0.95,0.87,0.87,0.05,0.01,0.15,42.63,15.93,26.7,1.12,RISKY
16/06/2023 22:38:25,16/06/2023 17:50:32,Dummy Trade Account_BTC_USD_FOUR_HOUR_2023.06.16_22.38.25_RICH,dummy_trades_summary,BTC_USD,FOUR_HOUR,LINEAR,30,3.0,false,false,TIMEFRAME_LONG,DEFAULT,BASIC_ITERATION,LIGHT_PREDICTIVE,true,12,true,18,100,3.0,2,0.0,3,EQUAL,1000,RICH,100.0,10000.0,10160.13,50.0,798,594,204,1721,0.46,10060.13,4142.19,5917.94,1.85,1.51,1.51,12.61,6.97,29.01,473.58,238.01,235.57,1.79,GOOD
16/06/2023 22:38:26,16/06/2023 17:50:32,Dummy Trade Account_BTC_USD_WEEK_2023.06.16_22.38.26_RICH,dummy_trades_summary,BTC_USD,WEEK,LINEAR,30,3.0,false,false,TIMEFRAME_LONG,DEFAULT,BASIC_ITERATION,LIGHT_PREDICTIVE,true,8,true,12,100,3.0,2,0.0,3,EQUAL,1000,RICH,100.0,10000.0,10182.23,50.0,614,368,246,136,4.51,10082.23,7073.85,3008.38,2.27,2.52,2.52,16.42,19.22,12.23,473.63,316.74,156.89,2.45,IDEAL
16/06/2023 22:38:34,16/06/2023 17:50:32,Dummy Trade Account_BTC_USD_DAY_2023.06.16_22.38.34_RICH,dummy_trades_summary,BTC_USD,DAY,LINEAR,30,3.0,false,false,TIMEFRAME_LONG,DEFAULT,BASIC_ITERATION,LIGHT_PREDICTIVE,true,14,true,21,100,3.0,2,0.0,3,EQUAL,1000,RICH,100.0,10000.0,10101.09,50.0,491,295,196,274,1.79,10001.09,4948.9,5052.19,2.77,2.39,2.39,20.37,16.78,25.78,471.15,250.69,220.46,3.1,OUTSTANDING
16/06/2023 22:42:49,16/06/2023 17:50:32,Dummy Trade Account_BTC_USD_HOUR_2023.06.16_22.42.49_NEUTRAL,dummy_trades_summary,BTC_USD,HOUR,LINEAR,30,3.0,false,false,TIMEFRAME_LONG,DEFAULT,BASIC_ITERATION,LIGHT_PREDICTIVE,true,8,true,12,100,3.0,2,0.0,3,EQUAL,1000,NEUTRAL,200.0,10000.0,613.18,50.0,1000,773,227,1428,0.7,413.18,228.86,184.32,1.09,1.02,1.02,0.41,0.3,0.81,116.69,65.6,51.09,1.35,GOOD
16/06/2023 22:43:09,16/06/2023 17:50:32,Dummy Trade Account_BTC_USD_FOUR_HOUR_2023.06.16_22.43.09_RICH,dummy_trades_summary,BTC_USD,FOUR_HOUR,LINEAR,30,3.0,false,false,TIMEFRAME_LONG,DEFAULT,BASIC_ITERATION,LIGHT_PREDICTIVE,true,12,true,18,100,3.0,2,0.0,3,EQUAL,1000,RICH,200.0,10000.0,10152.71,50.0,712,473,239,1675,0.43,9952.71,3573.9,6378.81,1.81,1.43,1.43,13.98,7.56,26.69,403.06,156.24,246.82,2.02,IDEAL
16/06/2023 22:43:15,16/06/2023 17:50:32,Dummy Trade Account_BTC_USD_DAY_2023.06.16_22.43.15_RICH,dummy_trades_summary,BTC_USD,DAY,LINEAR,30,3.0,false,false,TIMEFRAME_LONG,DEFAULT,BASIC_ITERATION,LIGHT_PREDICTIVE,true,14,true,21,100,3.0,2,0.0,3,EQUAL,1000,RICH,200.0,10000.0,10087.4,50.0,346,203,143,204,1.7,9887.4,5547.19,4340.21,3.87,4.08,4.08,28.58,27.33,30.35,398.71,238.03,160.68,3.8,OUTSTANDING
16/06/2023 22:43:15,16/06/2023 17:50:32,Dummy Trade Account_BTC_USD_WEEK_2023.06.16_22.43.15_RICH,dummy_trades_summary,BTC_USD,WEEK,LINEAR,30,3.0,false,false,TIMEFRAME_LONG,DEFAULT,BASIC_ITERATION,LIGHT_PREDICTIVE,true,8,true,12,100,3.0,2,0.0,3,EQUAL,1000,RICH,200.0,10000.0,10041.07,50.0,509,292,217,105,4.85,9841.07,6754.95,3086.12,2.22,2.34,2.34,19.33,23.13,14.22,401.11,247.7,153.41,2.12,IDEAL
16/06/2023 22:45:27,16/06/2023 17:50:32,Dummy Trade Account_BTC_USD_HOUR_2023.06.16_22.45.27_NEUTRAL,dummy_trades_summary,BTC_USD,HOUR,LINEAR,30,3.0,false,false,TIMEFRAME_LONG,DEFAULT,BASIC_ITERATION,LIGHT_PREDICTIVE,true,8,true,12,100,3.0,2,1.0,3,EQUAL,1000,NEUTRAL,200.0,10000.0,383.6,50.0,1000,852,148,3111,0.32,183.6,99.14,84.46,1.01,0.97,0.97,0.18,0.12,0.57,68.23,35.55,32.68,1.31,GOOD
16/06/2023 22:45:33,16/06/2023 17:50:32,Dummy Trade Account_BTC_USD_DAY_2023.06.16_22.45.33_RICH,dummy_trades_summary,BTC_USD,DAY,LINEAR,30,3.0,false,false,TIMEFRAME_LONG,DEFAULT,BASIC_ITERATION,LIGHT_PREDICTIVE,true,14,true,21,100,3.0,2,1.0,3,EQUAL,1000,RICH,200.0,10000.0,10011.74,50.0,334,203,131,216,1.55,9811.74,6059.67,3752.07,3.84,3.61,3.61,29.38,29.85,28.64,397.67,236.5,161.17,3.88,OUTSTANDING
16/06/2023 22:45:34,16/06/2023 17:50:32,Dummy Trade Account_BTC_USD_WEEK_2023.06.16_22.45.34_RICH,dummy_trades_summary,BTC_USD,WEEK,LINEAR,30,3.0,false,false,TIMEFRAME_LONG,DEFAULT,BASIC_ITERATION,LIGHT_PREDICTIVE,true,8,true,12,100,3.0,2,1.0,3,EQUAL,1000,RICH,200.0,10000.0,10013.14,50.0,395,234,161,105,3.76,9813.14,5114.45,4698.69,2.94,2.63,2.63,24.84,21.86,29.18,398.64,222.69,175.95,3.02,OUTSTANDING
16/06/2023 22:45:56,16/06/2023 17:50:32,Dummy Trade Account_BTC_USD_FOUR_HOUR_2023.06.16_22.45.56_RICH,dummy_trades_summary,BTC_USD,FOUR_HOUR,LINEAR,30,3.0,false,false,TIMEFRAME_LONG,DEFAULT,BASIC_ITERATION,LIGHT_PREDICTIVE,true,12,true,18,100,3.0,2,1.0,3,EQUAL,1000,RICH,200.0,10000.0,10066.95,50.0,558,413,145,2058,0.27,9866.95,4983.96,4882.99,2.12,1.74,1.74,17.68,12.07,33.68,399.72,217.01,182.71,2.4,IDEAL
16/06/2023 22:47:29,16/06/2023 17:50:32,Dummy Trade Account_BTC_USD_HOUR_2023.06.16_22.47.29_NEUTRAL,dummy_trades_summary,BTC_USD,HOUR,LINEAR,30,3.0,false,false,TIMEFRAME_LONG,DEFAULT,BASIC_ITERATION,LIGHT_PREDICTIVE,true,8,true,12,100,3.0,2,0.5,3,EQUAL,1000,NEUTRAL,200.0,10000.0,339.17,50.0,1000,771,229,1495,0.67,139.17,79.67,59.5,1.03,1.02,1.02,0.14,0.1,0.26,57.14,29.95,27.19,1.18,RISKY
16/06/2023 22:47:49,16/06/2023 17:50:32,Dummy Trade Account_BTC_USD_FOUR_HOUR_2023.06.16_22.47.49_RICH,dummy_trades_summary,BTC_USD,FOUR_HOUR,LINEAR,30,3.0,false,false,TIMEFRAME_LONG,DEFAULT,BASIC_ITERATION,LIGHT_PREDICTIVE,true,12,true,18,100,3.0,2,0.5,3,EQUAL,1000,RICH,200.0,10000.0,10125.79,50.0,662,480,182,1546,0.43,9925.79,5098.88,4826.91,1.84,1.47,1.47,14.99,10.62,26.52,402.15,200.57,201.58,2.42,IDEAL
16/06/2023 22:47:56,16/06/2023 17:50:32,Dummy Trade Account_BTC_USD_DAY_2023.06.16_22.47.56_RICH,dummy_trades_summary,BTC_USD,DAY,LINEAR,30,3.0,false,false,TIMEFRAME_LONG,DEFAULT,BASIC_ITERATION,LIGHT_PREDICTIVE,true,14,true,21,100,3.0,2,0.5,3,EQUAL,1000,RICH,200.0,10000.0,10030.13,50.0,427,249,178,237,1.8,9830.13,5095.44,4734.69,2.75,2.46,2.46,23.02,20.46,26.6,399.84,210.09,189.75,3.12,OUTSTANDING
16/06/2023 22:47:57,16/06/2023 17:50:32,Dummy Trade Account_BTC_USD_WEEK_2023.06.16_22.47.57_RICH,dummy_trades_summary,BTC_USD,WEEK,LINEAR,30,3.0,false,false,TIMEFRAME_LONG,DEFAULT,BASIC_ITERATION,LIGHT_PREDICTIVE,true,8,true,12,100,3.0,2,0.5,3,EQUAL,1000,RICH,200.0,10000.0,10174.25,50.0,394,223,171,93,4.24,9974.25,6053.43,3920.82,3.06,2.93,2.93,25.32,27.15,22.93,400.35,222.19,178.16,3.47,OUTSTANDING
16/06/2023 22:48:54,16/06/2023 17:50:32,Dummy Trade Account_BTC_USD_WEEK_2023.06.16_22.48.54_RICH,dummy_trades_summary,BTC_USD,WEEK,LINEAR,30,3.0,false,false,TIMEFRAME_LONG,DEFAULT,BASIC_ITERATION,LIGHT_PREDICTIVE,true,8,true,12,100,3.0,2,0.5,3,EQUAL,1000,RICH,200.0,10000.0,10161.69,50.0,421,263,158,94,4.48,9961.69,5773.31,4188.38,2.77,2.75,2.75,23.66,21.95,26.51,400.43,254.73,145.7,2.98,IDEAL
16/06/2023 22:49:03,16/06/2023 17:50:32,Dummy Trade Account_BTC_USD_DAY_2023.06.16_22.49.03_RICH,dummy_trades_summary,BTC_USD,DAY,LINEAR,30,3.0,false,false,TIMEFRAME_LONG,DEFAULT,BASIC_ITERATION,LIGHT_PREDICTIVE,true,14,true,21,100,3.0,2,0.5,3,EQUAL,1000,RICH,200.0,10000.0,10094.98,50.0,422,248,174,234,1.8,9894.98,5748.81,4146.17,2.77,2.76,2.76,23.45,23.18,23.83,400.29,233.73,166.56,3.5,OUTSTANDING
16/06/2023 22:49:21,16/06/2023 17:50:32,Dummy Trade Account_BTC_USD_FOUR_HOUR_2023.06.16_22.49.21_RICH,dummy_trades_summary,BTC_USD,FOUR_HOUR,LINEAR,30,3.0,false,false,TIMEFRAME_LONG,DEFAULT,BASIC_ITERATION,LIGHT_PREDICTIVE,true,12,true,18,100,3.0,2,0.5,3,EQUAL,1000,RICH,200.0,10000.0,10138.3,50.0,625,456,169,1496,0.42,9938.3,5938.95,3999.35,2.02,1.56,1.56,15.9,13.02,23.66,401.95,194.87,207.08,2.49,IDEAL
16/06/2023 22:49:33,16/06/2023 17:50:32,Dummy Trade Account_BTC_USD_HOUR_2023.06.16_22.49.33_NEUTRAL,dummy_trades_summary,BTC_USD,HOUR,LINEAR,30,3.0,false,false,TIMEFRAME_LONG,DEFAULT,BASIC_ITERATION,LIGHT_PREDICTIVE,true,8,true,12,100,3.0,2,0.5,3,EQUAL,1000,NEUTRAL,200.0,10000.0,448.74,50.0,1000,776,224,1554,0.64,248.74,109.22,139.52,1.03,0.97,0.97,0.25,0.14,0.62,85.64,35.89,49.75,1.25,GOOD
16/06/2023 22:50:48,16/06/2023 17:50:32,Dummy Trade Account_BTC_USD_DAY_2023.06.16_22.50.48_RICH,dummy_trades_summary,BTC_USD,DAY,LINEAR,30,3.0,false,false,TIMEFRAME_LONG,DEFAULT,BASIC_ITERATION,LIGHT_PREDICTIVE,true,14,true,21,100,3.0,2,1.0,3,EQUAL,1000,RICH,200.0,10000.0,10102.7,50.0,394,238,156,236,1.67,9902.7,6379.2,3523.5,2.98,3.25,3.25,25.13,26.8,22.59,399.87,258.41,141.46,3.11,OUTSTANDING
16/06/2023 22:50:49,16/06/2023 17:50:32,Dummy Trade Account_BTC_USD_WEEK_2023.06.16_22.50.49_RICH,dummy_trades_summary,BTC_USD,WEEK,LINEAR,30,3.0,false,false,TIMEFRAME_LONG,DEFAULT,BASIC_ITERATION,LIGHT_PREDICTIVE,true,8,true,12,100,3.0,2,1.0,3,EQUAL,1000,RICH,200.0,10000.0,10140.71,50.0,528,326,202,139,3.8,9940.71,7367.91,2572.8,2.23,2.5,2.5,18.83,22.6,12.74,402.38,286.85,115.53,2.26,IDEAL
16/06/2023 22:51:10,16/06/2023 17:50:32,Dummy Trade Account_BTC_USD_FOUR_HOUR_2023.06.16_22.51.10_RICH,dummy_trades_summary,BTC_USD,FOUR_HOUR,LINEAR,30,3.0,false,false,TIMEFRAME_LONG,DEFAULT,BASIC_ITERATION,LIGHT_PREDICTIVE,true,12,true,18,100,3.0,2,1.0,3,EQUAL,1000,RICH,200.0,10000.0,10163.89,50.0,543,412,131,1899,0.29,9963.89,6194.51,3769.38,2.27,1.9,1.9,18.35,15.04,28.77,400.26,245.37,154.89,3.1,OUTSTANDING
16/06/2023 22:51:27,16/06/2023 17:50:32,Dummy Trade Account_BTC_USD_HOUR_2023.06.16_22.51.27_NEUTRAL,dummy_trades_summary,BTC_USD,HOUR,LINEAR,30,3.0,false,false,TIMEFRAME_LONG,DEFAULT,BASIC_ITERATION,LIGHT_PREDICTIVE,true,8,true,12,100,3.0,2,1.0,3,EQUAL,1000,NEUTRAL,200.0,10000.0,424.62,50.0,1000,868,132,2855,0.35,224.62,150.27,74.35,1.06,1.01,1.01,0.22,0.17,0.56,78.23,53.73,24.5,1.4,GOOD
16/06/2023 22:52:55,16/06/2023 17:50:32,Dummy Trade Account_BTC_USD_FOUR_HOUR_2023.06.16_22.52.55_RICH,dummy_trades_summary,BTC_USD,FOUR_HOUR,LINEAR,30,3.0,false,false,TIMEFRAME_LONG,DEFAULT,BASIC_ITERATION,LIGHT_PREDICTIVE,true,12,true,18,100,3.0,2,1.0,3,EQUAL,1000,RICH,200.0,10000.0,10166.82,50.0,547,418,129,1946,0.28,9966.82,6391.37,3575.45,2.28,1.88,1.88,18.22,15.29,27.72,400.2,218.06,182.14,3.6,OUTSTANDING
16/06/2023 22:52:55,16/06/2023 17:50:32,Dummy Trade Account_BTC_USD_WEEK_2023.06.16_22.52.55_RICH,dummy_trades_summary,BTC_USD,WEEK,LINEAR,30,3.0,false,false,TIMEFRAME_LONG,DEFAULT,BASIC_ITERATION,LIGHT_PREDICTIVE,true,8,true,12,100,3.0,2,1.0,3,EQUAL,1000,RICH,200.0,10000.0,10195.19,50.0,460,279,181,113,4.07,9995.19,5609.99,4385.2,2.43,2.22,2.22,21.73,20.11,24.23,401.53,229.95,171.58,3.5,OUTSTANDING
16/06/2023 22:53:14,16/06/2023 17:50:32,Dummy Trade Account_BTC_USD_HOUR_2023.06.16_22.53.14_NEUTRAL,dummy_trades_summary,BTC_USD,HOUR,LINEAR,30,3.0,false,false,TIMEFRAME_LONG,DEFAULT,BASIC_ITERATION,LIGHT_PREDICTIVE,true,8,true,12,100,3.0,2,1.0,3,EQUAL,1000,NEUTRAL,200.0,10000.0,347.74,50.0,1000,899,101,2960,0.34,147.74,114.18,33.56,0.96,0.96,0.96,0.15,0.13,0.33,58.29,45.1,13.19,1.22,GOOD
16/06/2023 22:53:20,16/06/2023 17:50:32,Dummy Trade Account_BTC_USD_DAY_2023.06.16_22.53.20_RICH,dummy_trades_summary,BTC_USD,DAY,LINEAR,30,3.0,false,false,TIMEFRAME_LONG,DEFAULT,BASIC_ITERATION,LIGHT_PREDICTIVE,true,14,true,21,100,3.0,2,1.0,3,EQUAL,1000,RICH,200.0,10000.0,10037.67,50.0,332,194,138,198,1.68,9837.67,5320.55,4517.12,3.88,3.73,3.73,29.63,27.43,32.73,397.91,229.94,167.97,4.0,OUTSTANDING
16/06/2023 23:05:41,16/06/2023 17:50:32,Dummy Trade Account_BTC_USD_HOUR_2023.06.16_23.05.41_NEUTRAL,dummy_trades_summary,BTC_USD,HOUR,LINEAR,30,3.0,false,false,TIMEFRAME_LONG,DEFAULT,BASIC_ITERATION,LIGHT_PREDICTIVE,true,8,true,12,100,3.0,2,1.0,3,EQUAL,1000,NEUTRAL,200.0,10000.0,382.23,50.0,1000,885,115,3001,0.33,182.23,116.48,65.75,0.98,0.94,0.94,0.18,0.13,0.57,67.87,44.76,23.11,1.25,GOOD
16/06/2023 23:05:41,16/06/2023 17:50:32,Dummy Trade Account_BTC_USD_WEEK_2023.06.16_23.05.41_RICH,dummy_trades_summary,BTC_USD,WEEK,LINEAR,30,3.0,false,false,TIMEFRAME_LONG,DEFAULT,BASIC_ITERATION,LIGHT_PREDICTIVE,true,8,true,12,100,3.0,2,1.0,3,EQUAL,1000,RICH,200.0,10000.0,10156.65,50.0,485,300,185,125,3.88,9956.65,5963.22,3993.43,2.39,2.37,2.37,20.53,19.88,21.59,401.56,252.59,148.97,3.09,OUTSTANDING
16/06/2023 23:06:02,16/06/2023 17:50:32,Dummy Trade Account_BTC_USD_FOUR_HOUR_2023.06.16_23.06.02_RICH,dummy_trades_summary,BTC_USD,FOUR_HOUR,LINEAR,30,3.0,false,false,TIMEFRAME_LONG,DEFAULT,BASIC_ITERATION,LIGHT_PREDICTIVE,true,12,true,18,100,3.0,2,1.0,3,EQUAL,1000,RICH,200.0,10000.0,10096.06,50.0,554,401,153,1831,0.3,9896.06,4575.24,5320.82,2.06,1.45,1.45,17.86,11.41,34.78,399.55,170.64,228.91,2.75,IDEAL
16/06/2023 23:06:09,16/06/2023 17:50:32,Dummy Trade Account_BTC_USD_DAY_2023.06.16_23.06.09_RICH,dummy_trades_summary,BTC_USD,DAY,LINEAR,30,3.0,false,false,TIMEFRAME_LONG,DEFAULT,BASIC_ITERATION,LIGHT_PREDICTIVE,true,14,true,21,100,3.0,2,1.0,3,EQUAL,1000,RICH,200.0,10000.0,10056.8,50.0,393,221,172,244,1.61,9856.8,4827.16,5029.64,3.18,2.68,2.68,25.08,21.84,29.24,399.17,198.01,201.16,3.67,OUTSTANDING
